trialNum	rule	iterationName	gameid	time	firstRole	salientFeature	distr1Feature	distr2Feature	message	typingTime	sender	timeFromRoundStart	eventType	messageType	uttClass	example_id
1	fish_white_bodies_orange_stripes_or_fangs	development	5475-2892f2d6-fc22-4e45-beee-cddfed25d40b	1550000000000.0	listener	fish-stripes_color-orange	fish-stripes_color-purple	fish-stripes_color-orange	ok	702	speaker	5599	chatMessage	C	Y	-8703838065427925038
1	fish_white_bodies_orange_stripes_or_fangs	development	5475-2892f2d6-fc22-4e45-beee-cddfed25d40b	1550000000000.0	listener	fish-stripes_color-orange	fish-stripes_color-purple	fish-stripes_color-orange	I see a fish with white stripes	7131	speaker	13612	chatMessage	I	E	-8703838065427925038
2	flowers_orange_petals_purple_centers	development	5475-2892f2d6-fc22-4e45-beee-cddfed25d40b	1550000000000.0	listener	flower-petals_color-orange	flower-stem_color-purple	flower-center_color-white	i  see a purple flower with a purple dot and orange stem	10823	speaker	18569	chatMessage	I	E	3418727201285653551
3	birds_tails	development	5475-2892f2d6-fc22-4e45-beee-cddfed25d40b	1550000000000.0	listener	bird-tail_present	bird-crest_tail_color-orange	bird-crest_tail_color-white	it's a bird with purple hair	9398	speaker	12288	chatMessage	I	E	2881949299159029675
4	fish_white_bodies_orange_stripes_or_fangs	development	5475-2892f2d6-fc22-4e45-beee-cddfed25d40b	1550000000000.0	listener	fish-body_color-white	fish-body_color-orange	fish-stripes_color-purple	purple fish with no stripes	7498	speaker	14982	chatMessage	I	E	-2595466527821689428
5	fish_whiskers	development	5475-2892f2d6-fc22-4e45-beee-cddfed25d40b	1550000000000.0	listener	fish-whiskers_present	fish-stripes_color-purple	fish-fangs_present-true	fish with no tooth or stripes	11978	speaker	14015	chatMessage	I	E	1278909539265760084
6	trees_without_leaves	development	5475-2892f2d6-fc22-4e45-beee-cddfed25d40b	1550000000000.0	listener	tree-leaves_present	tree-berries_color-orange	tree-trunk_color-white	flower with green stem and white dots	9006	speaker	10537	chatMessage	I	L	2845870691181468099
8	flowers_orange_stems	development	5475-2892f2d6-fc22-4e45-beee-cddfed25d40b	1550000000000.0	listener	flower-stem_color-orange	flower-center_color-orange	flower-petals_color-purple	orange stem flower with white center dot	7429	speaker	10123	chatMessage	I	E	-3679592575208833402
8	flowers_orange_stems	development	5475-2892f2d6-fc22-4e45-beee-cddfed25d40b	1550000000000.0	listener	flower-stem_color-orange	flower-center_color-orange	flower-petals_color-purple	orange petals too sorry	3514	speaker	29603	chatMessage	I	E	-3679592575208833402
9	flowers_thorns_purple_petals_or_orange_stems	development	5475-2892f2d6-fc22-4e45-beee-cddfed25d40b	1550000000000.0	listener	flower-petals_color-purple	flower-center_color-purple	flower-petals_color-white	orange petals with white center dot	7019	speaker	17239	chatMessage	I	E	-8794779879575967676
10	bugs_purple_legs_white_heads_or_orange_wings	development	5475-2892f2d6-fc22-4e45-beee-cddfed25d40b	1550000000000.0	listener	bug-bug_wings_color-orange	bug-wings_present-false	bug-bug_wings_color-purple	orange wings	4443	speaker	7107	chatMessage	I	E	-1015890636222695090
11	bugs_white_heads_or_orange_antennae_purple_legs	development	5475-2892f2d6-fc22-4e45-beee-cddfed25d40b	1550000000000.0	listener	bug-head_color-white	bug-legs_color-purple	bug-antennae_color-orange	purple antenna, white legs	10144	speaker	17400	chatMessage	I	E	-8333175381904238803
12	trees_purple_berries	development	5475-2892f2d6-fc22-4e45-beee-cddfed25d40b	1550000000000.0	listener	tree-berries_color-purple	tree-leaves_color-white	tree-trunk_color-white	orange stem with purple petals	6080	speaker	8609	chatMessage	I	E	3772831404370088565
13	bugs_orange_head	development	5475-2892f2d6-fc22-4e45-beee-cddfed25d40b	1550000000000.0	listener	bug-head_color-orange	bug-bug_wings_color-purple	bug-legs_color-white	orange wings purple legs	5475	speaker	16663	chatMessage	I	E	-5356033568169653397
14	birds_purple_wings_crests	development	5475-2892f2d6-fc22-4e45-beee-cddfed25d40b	1550000000000.0	listener	bird-bird_wing_color-purple	bird-crest_tail_color-purple	bird-crest_tail_color-white	no hair orange tail	4303	speaker	8632	chatMessage	I	E	6587143135926861091
15	trees_purple_berries_or_white_trunks	development	5475-2892f2d6-fc22-4e45-beee-cddfed25d40b	1550000000000.0	listener	tree-trunk_color-white	tree-leaves_color-white	tree-berries_present-true	orange petals with no dots	5672	speaker	8774	chatMessage	I	E	8366903312675437530
17	bugs_orange_antennae_or_wings	development	5475-2892f2d6-fc22-4e45-beee-cddfed25d40b	1550000000000.0	listener	bug-antennae_color-orange	bug-bug_wings_color-purple	bug-legs_color-white	purple legs with no winngs	7175	speaker	9867	chatMessage	I	E	-2314106332760510987
18	flowers_purple_stems_white_petals_or_orange_centers	development	5475-2892f2d6-fc22-4e45-beee-cddfed25d40b	1550000000000.0	listener	flower-center_color-orange	flower-stem_color-purple	flower-center_color-orange	white stem with purple center dot	6082	speaker	8115	chatMessage	I	E	2463680063242406088
19	fish_white_stripes_or_purple_bodies_whiskers	development	5475-2892f2d6-fc22-4e45-beee-cddfed25d40b	1550000000000.0	listener	fish-body_color-purple	fish-body_color-orange	fish-fangs_present-true	white fish no whisker	3453	speaker	5541	chatMessage	I	E	-4573639424236026865
19	fish_white_stripes_or_purple_bodies_whiskers	development	5475-2892f2d6-fc22-4e45-beee-cddfed25d40b	1550000000000.0	listener	fish-body_color-purple	fish-body_color-orange	fish-fangs_present-true	no tooth	1604	speaker	8647	chatMessage	I	E	-4573639424236026865
20	flowers_purple_stems_or_thorns_white_centers	development	5475-2892f2d6-fc22-4e45-beee-cddfed25d40b	1550000000000.0	listener	flower-center_color-white	flower-center_color-orange	flower-stem_color-orange	white center dot with purple stem	9042	speaker	12183	chatMessage	I	E	-757172679811920070
22	birds_purple_wings_crests	development	5475-2892f2d6-fc22-4e45-beee-cddfed25d40b	1550000000000.0	listener	bird-crest_present	bird-bird_wing_color-orange	bird-bird_wing_color-white	purple wing	2027	speaker	5152	chatMessage	I	E	4392136858646131395
23	flowers_purple_stems_white_petals_or_orange_centers	development	5475-2892f2d6-fc22-4e45-beee-cddfed25d40b	1550000000000.0	listener	flower-petals_color-white	flower-center_color-purple	flower-stem_color-purple	orange stem with orange center dot	6839	speaker	8861	chatMessage	I	E	8419871019123144067
24	birds_orange_wings_tails	development	5475-2892f2d6-fc22-4e45-beee-cddfed25d40b	1550000000000.0	listener	bird-bird_wing_color-orange	bird-tail_present-false	bird-crest_present-false	white tail with white hair~~~ has both	17685	speaker	20605	chatMessage	I	E	8485631873730277030
25	fish_orange_bodies_or_fangs	development	5475-2892f2d6-fc22-4e45-beee-cddfed25d40b	1550000000000.0	listener	fish-body_color-orange	fish-stripes_present-false	fish-stripes_color-purple	white stripes with tooth	11236	speaker	14606	chatMessage	I	E	-6375382920651017615
26	birds_purple_tails	development	5475-2892f2d6-fc22-4e45-beee-cddfed25d40b	1550000000000.0	listener	bird-crest_tail_color-purple	bird-bird_wing_color-orange	bird-tail_present-false	purple wing with orange tail	5356	speaker	7257	chatMessage	I	E	4219517242860346839
28	flowers_purple_stems_thorns	development	5475-2892f2d6-fc22-4e45-beee-cddfed25d40b	1550000000000.0	listener	flower-stem_color-purple	flower-center_color-white	flower-petals_color-purple	purple center dot with white petals	8389	speaker	11990	chatMessage	I	E	6268013429462350945
29	trees_purple_trunks_or_white_leaves_orange_berries	development	5475-2892f2d6-fc22-4e45-beee-cddfed25d40b	1550000000000.0	listener	tree-leaves_color-white	tree-trunk_color-purple	tree-leaves_present-false	white petals blue stem	3691	speaker	7488	chatMessage	I	E	6310117589008164961
30	trees_orange_trunks_berries	development	5475-2892f2d6-fc22-4e45-beee-cddfed25d40b	1550000000000.0	listener	tree-berries_present	tree-leaves_color-purple	tree-trunk_color-orange	purple stem blue petals	3261	speaker	5058	chatMessage	I	E	7622597728239060902
31	birds_orange_tails_or_white_wings_orange_crests	development	5475-2892f2d6-fc22-4e45-beee-cddfed25d40b	1550000000000.0	listener	bird-bird_wing_color-white	bird-crest_tail_color-white	bird-crest_present-false	orange tail orange hair	4484	speaker	6142	chatMessage	I	E	5521147365507065693
32	trees_purple_trunks_or_white_leaves_orange_berries	development	5475-2892f2d6-fc22-4e45-beee-cddfed25d40b	1550000000000.0	listener	tree-berries_color-orange	tree-leaves_present-true	tree-leaves_color-purple	green petals	3461	speaker	4930	chatMessage	I	E	-4248730784607914382
33	flowers_purple_centers_or_orange_stems_with_thorns	development	5475-2892f2d6-fc22-4e45-beee-cddfed25d40b	1550000000000.0	listener	flower-center_color-purple	flower-stem_color-purple	flower-petals_color-purple	white stem white petals	4179	speaker	6429	chatMessage	I	E	-5337451993856989373
35	bugs_without_wings	development	5475-2892f2d6-fc22-4e45-beee-cddfed25d40b	1550000000000.0	listener	bug-wings_present	bug-legs_color-purple	bug-antennae_color-orange	white legs purple antenna	6295	speaker	9240	chatMessage	I	E	-5373463915544247396
36	fish_white_stripes_whiskers	development	5475-2892f2d6-fc22-4e45-beee-cddfed25d40b	1550000000000.0	listener	fish-stripes_color-white	fish-stripes_color-orange	fish-stripes_present-false	purple stripes	2013	speaker	3638	chatMessage	I	E	4825682754891344730
37	fish_fangs	development	5475-2892f2d6-fc22-4e45-beee-cddfed25d40b	1550000000000.0	listener	fish-fangs_present	fish-stripes_color-white	fish-body_color-purple	white fish no stripes	5511	speaker	7138	chatMessage	I	E	7623607040812790819
38	trees_orange_trunks_berries	development	5475-2892f2d6-fc22-4e45-beee-cddfed25d40b	1550000000000.0	listener	tree-trunk_color-orange	tree-leaves_present-false	tree-leaves_color-white	red petals	1285	speaker	2985	chatMessage	I	E	-929996338162623479
39	bugs_antennae_or_wings_purple_bodies	development	5475-2892f2d6-fc22-4e45-beee-cddfed25d40b	1550000000000.0	listener	bug-body_color-purple	bug-antennae_present-true	bug-bug_wings_color-orange	purple wings orange antenna	4727	speaker	8970	chatMessage	I	E	6227639276479804920
40	birds_orange_tails_or_white_wings_orange_crests	development	5475-2892f2d6-fc22-4e45-beee-cddfed25d40b	1550000000000.0	listener	bird-crest_tail_color-orange	bird-crest_tail_color-orange	bird-bird_wing_color-orange	purple everything wings	6925	speaker	8768	chatMessage	I	E	-7761115228081783011
41	trees_purple_trunks_or_white_leaves_orange_berries	development	5475-2892f2d6-fc22-4e45-beee-cddfed25d40b	1550000000000.0	listener	tree-trunk_color-purple	tree-leaves_present-true	tree-berries_present-false	white dots no petals	4256	speaker	7676	chatMessage	I	E	8078358930646974150
42	bugs_white_heads_or_orange_antennae_purple_legs	development	5475-2892f2d6-fc22-4e45-beee-cddfed25d40b	1550000000000.0	listener	bug-legs_color-purple	bug-antennae_present-true	bug-bug_wings_color-orange	purple wings white legs	3434	speaker	5324	chatMessage	I	E	1908720258468249287
42	bugs_white_heads_or_orange_antennae_purple_legs	development	5475-2892f2d6-fc22-4e45-beee-cddfed25d40b	1550000000000.0	listener	bug-legs_color-purple	bug-antennae_present-true	bug-bug_wings_color-orange	white ante	1541	speaker	11024	chatMessage	I	E	1908720258468249287
42	bugs_white_heads_or_orange_antennae_purple_legs	development	5475-2892f2d6-fc22-4e45-beee-cddfed25d40b	1550000000000.0	listener	bug-legs_color-purple	bug-antennae_present-true	bug-bug_wings_color-orange	antenna	1057	speaker	13659	chatMessage	I	E	1908720258468249287
44	trees_purple_leaves_berries	development	5475-2892f2d6-fc22-4e45-beee-cddfed25d40b	1550000000000.0	listener	tree-leaves_color-purple	tree-trunk_color-purple	tree-trunk_color-white	orange stem	1418	speaker	3557	chatMessage	I	E	-2567056682755912206
44	trees_purple_leaves_berries	development	5475-2892f2d6-fc22-4e45-beee-cddfed25d40b	1550000000000.0	listener	tree-leaves_color-purple	tree-trunk_color-purple	tree-trunk_color-white	thanks!	1077	speaker	5490	chatMessage	S		-2567056682755912206
44	trees_purple_leaves_berries	development	5475-2892f2d6-fc22-4e45-beee-cddfed25d40b	1550000000000.0	listener	tree-leaves_color-purple	tree-trunk_color-purple	tree-trunk_color-white	thank you too!	9465	listener	20171	chatMessage	S		-2567056682755912206
0	birds_purple_wings_white_crests_or_white_tails	development	8168-6840254b-4d6c-468d-b005-9d8bb8c3b879	1550000000000.0	listener	bird-crest_tail_color-white	bird-bird_wing_color-white	bird-bird_wing_color-orange	He has a solid body	3693	speaker	35987	chatMessage	I	E	1897085810803424448
1	trees_leaves_berries_or_orange_trunks	development	8168-6840254b-4d6c-468d-b005-9d8bb8c3b879	1550000000000.0	listener	tree-berries_present	tree-leaves_color-purple	tree-leaves_present-true	The leaves are red	3569	speaker	13367	chatMessage	I	G	-5190218303897889715
2	fish_orange_bodies_or_fangs	development	8168-6840254b-4d6c-468d-b005-9d8bb8c3b879	1550000000000.0	listener	fish-body_color-orange	fish-whiskers_present-true	fish-stripes_present-false	He has no whiskers but he has stripes	5747	speaker	11540	chatMessage	I	E	-1699804087139203064
3	flowers_orange_stems_or_thorns	development	8168-6840254b-4d6c-468d-b005-9d8bb8c3b879	1550000000000.0	listener	flower-thorns_present	flower-center_color-purple	flower-center_color-orange	the center is white	2244	speaker	11547	chatMessage	I	G	-3651889579334733599
4	bugs_without_wings	development	8168-6840254b-4d6c-468d-b005-9d8bb8c3b879	1550000000000.0	listener	bug-wings_present	bug-bug_wings_color-purple	bug-antennae_color-orange	He's mostly white and has no yellow	4733	speaker	10978	chatMessage	I	E	-6060675026631204584
5	bugs_orange_antennae_or_wings	development	8168-6840254b-4d6c-468d-b005-9d8bb8c3b879	1550000000000.0	listener	bug-antennae_color-orange	bug-legs_color-white	bug-antennae_color-orange	He has purple legs and no antenna	8319	speaker	12220	chatMessage	I	E	-8106079664950501648
6	fish_white_bodies_orange_stripes_or_fangs	development	8168-6840254b-4d6c-468d-b005-9d8bb8c3b879	1550000000000.0	listener	fish-stripes_color-orange	fish-stripes_present-true	fish-body_color-orange	he has stripes and whiskers	16517	speaker	23946	chatMessage	I	E	-7297071363227044978
6	fish_white_bodies_orange_stripes_or_fangs	development	8168-6840254b-4d6c-468d-b005-9d8bb8c3b879	1550000000000.0	listener	fish-stripes_color-orange	fish-stripes_present-true	fish-body_color-orange	white body, yellow stripes	3325	speaker	39306	chatMessage	I	E	-7297071363227044978
7	bugs_orange_head	development	8168-6840254b-4d6c-468d-b005-9d8bb8c3b879	1550000000000.0	listener	bug-head_color-orange	bug-wings_present-true	bug-antennae_color-orange	No wings, no antenna	2568	speaker	7593	chatMessage	I	E	5347444398349716238
8	trees_purple_berries_or_white_trunks	development	8168-6840254b-4d6c-468d-b005-9d8bb8c3b879	1550000000000.0	listener	tree-trunk_color-white	tree-leaves_present-false	tree-berries_color-purple	Green berries and blue leaves	7685	speaker	14115	chatMessage	I	L	2450805323409640758
9	birds_orange_wings_tails	development	8168-6840254b-4d6c-468d-b005-9d8bb8c3b879	1550000000000.0	listener	bird-bird_wing_color-orange	bird-crest_present-true	bird-crest_tail_color-orange	He has no feathers	2838	speaker	7493	chatMessage	I	L	-3587739092683146972
10	bugs_purple_wings_or_white_legs	development	8168-6840254b-4d6c-468d-b005-9d8bb8c3b879	1550000000000.0	listener	bug-legs_color-white	bug-wings_present-false	bug-legs_color-purple	Yellow legs and white wings	5224	speaker	12224	chatMessage	I	E	-3015880123943253251
12	flowers_thorns_purple_petals_or_orange_stems	development	8168-6840254b-4d6c-468d-b005-9d8bb8c3b879	1550000000000.0	listener	flower-stem_color-orange	flower-stem_color-orange	flower-petals_color-purple	Purple stem and yellow petals	4634	speaker	13759	chatMessage	I	L	-7592919638380316992
13	fish_white_bodies_orange_stripes_or_fangs	development	8168-6840254b-4d6c-468d-b005-9d8bb8c3b879	1550000000000.0	listener	fish-body_color-white	fish-body_color-purple	fish-stripes_color-white	Solid yellow body	2507	speaker	10351	chatMessage	I	E	1374651323952209960
14	trees_without_leaves	development	8168-6840254b-4d6c-468d-b005-9d8bb8c3b879	1550000000000.0	listener	tree-leaves_present	tree-berries_present-false	tree-trunk_color-white	Blue trunk and white berries	4529	speaker	12361	chatMessage	I	L	7208465637665676979
15	trees_purple_leaves_berries	development	8168-6840254b-4d6c-468d-b005-9d8bb8c3b879	1550000000000.0	listener	tree-leaves_color-purple	tree-leaves_color-white	tree-trunk_color-purple	yellow trunk and green leaves	6098	speaker	8546	chatMessage	I	L	-3250203762077798463
16	flowers_purple_stems_white_petals_or_orange_centers	development	8168-6840254b-4d6c-468d-b005-9d8bb8c3b879	1550000000000.0	listener	flower-center_color-orange	flower-petals_color-orange	flower-center_color-orange	purple petals and white center	8358	speaker	19824	chatMessage	I	L	-6965562652289329063
17	trees_leaves_berries_or_orange_trunks	development	8168-6840254b-4d6c-468d-b005-9d8bb8c3b879	1550000000000.0	listener	tree-trunk_color-orange	tree-trunk_color-orange	tree-leaves_color-purple	Blue trunk and green leaves	3248	speaker	6278	chatMessage	I	L	-6748937855090041616
18	bugs_purple_wings_or_white_legs	development	8168-6840254b-4d6c-468d-b005-9d8bb8c3b879	1550000000000.0	listener	bug-bug_wings_color-purple	bug-head_color-orange	bug-antennae_color-orange	purple head and white antenna	3701	speaker	9939	chatMessage	I	L	-6265966616041916868
20	bugs_antennae_or_wings_purple_bodies	development	8168-6840254b-4d6c-468d-b005-9d8bb8c3b879	1550000000000.0	listener	bug-body_color-purple	bug-antennae_present-false	bug-bug_wings_color-orange	white wings and antenna	2731	speaker	6947	chatMessage	I	L	6593936026972013885
22	trees_white_leaves_or_orange_berries	development	8168-6840254b-4d6c-468d-b005-9d8bb8c3b879	1550000000000.0	listener	tree-berries_color-orange	tree-leaves_color-white	tree-berries_color-purple	white berries and no leaves	3134	speaker	14064	chatMessage	I	L	1946695896408239398
23	fish_white_stripes_or_purple_bodies_whiskers	development	8168-6840254b-4d6c-468d-b005-9d8bb8c3b879	1550000000000.0	listener	fish-body_color-purple	fish-whiskers_present-false	fish-stripes_color-purple	Yellow stripes and whiskers behind his teeth	10032	speaker	15007	chatMessage	I	L	7379832141395874186
25	fish_orange_bodies_purple_stripes_or_whiskers	development	8168-6840254b-4d6c-468d-b005-9d8bb8c3b879	1550000000000.0	listener	fish-stripes_color-purple	fish-fangs_present-false	fish-stripes_color-orange	No stripes, he has whiskers and teeth	9045	speaker	31349	chatMessage	I	E	-2903445145910118338
28	flowers_purple_centers_or_orange_stems_with_thorns	development	8168-6840254b-4d6c-468d-b005-9d8bb8c3b879	1550000000000.0	listener	flower-center_color-purple	flower-stem_color-orange	flower-center_color-white	White stem yellow center	2791	speaker	8111	chatMessage	I	E	-980085352037959215
29	flowers_orange_petals_purple_centers	development	8168-6840254b-4d6c-468d-b005-9d8bb8c3b879	1550000000000.0	listener	flower-petals_color-orange	flower-petals_color-white	flower-center_color-purple	white stem, purple leaves and yellow center	7612	speaker	13159	chatMessage	I	E	-3797484696835604919
30	birds_orange_crests_or_purple_wings	development	8168-6840254b-4d6c-468d-b005-9d8bb8c3b879	1550000000000.0	listener	bird-crest_tail_color-orange	bird-bird_wing_color-orange	bird-crest_tail_color-purple	Purple wings and no tail	3431	speaker	15915	chatMessage	I	L	-6765336540070828069
32	flowers_purple_stems_white_petals_or_orange_centers	development	8168-6840254b-4d6c-468d-b005-9d8bb8c3b879	1550000000000.0	listener	flower-petals_color-white	flower-stem_color-orange	flower-center_color-white	white stem yellow middle	5271	speaker	34499	chatMessage	I	E	8113794081168326668
33	fish_orange_bodies_purple_stripes_or_whiskers	development	8168-6840254b-4d6c-468d-b005-9d8bb8c3b879	1550000000000.0	listener	fish-stripes_present	fish-stripes_color-orange	fish-fangs_present-true	white stripes and no teeth	3361	speaker	9169	chatMessage	I	L	-6314704251039533094
34	fish_white_stripes_whiskers	development	8168-6840254b-4d6c-468d-b005-9d8bb8c3b879	1550000000000.0	listener	fish-stripes_color-white	fish-stripes_color-white	fish-stripes_present-true	yellow stripes	1684	speaker	4472	chatMessage	I	E	-4199184528524186800
35	fish_fangs	development	8168-6840254b-4d6c-468d-b005-9d8bb8c3b879	1550000000000.0	listener	fish-fangs_present	fish-stripes_color-orange	fish-whiskers_present-false	all purple with whiskers	3687	speaker	7353	chatMessage	I	E	4567947932158209842
36	flowers_purple_stems_thorns	development	8168-6840254b-4d6c-468d-b005-9d8bb8c3b879	1550000000000.0	listener	flower-stem_color-purple	flower-petals_color-purple	flower-petals_color-white	purple stem, yellow petals	4099	speaker	8694	chatMessage	I	E	9088977735445144129
37	birds_purple_wings_crests	development	8168-6840254b-4d6c-468d-b005-9d8bb8c3b879	1550000000000.0	listener	bird-crest_present	bird-tail_present-true	bird-crest_tail_color-purple	no tail	1854	speaker	5705	chatMessage	I	E	-4816861885369568093
38	bugs_purple_legs_white_heads_or_orange_wings	development	8168-6840254b-4d6c-468d-b005-9d8bb8c3b879	1550000000000.0	listener	bug-bug_wings_color-orange	bug-antennae_color-orange	bug-wings_present-false	white wings and purple antennae	4566	speaker	9426	chatMessage	I	L	-868196026476054822
39	bugs_white_heads_or_orange_antennae_purple_legs	development	8168-6840254b-4d6c-468d-b005-9d8bb8c3b879	1550000000000.0	listener	bug-legs_color-purple	bug-legs_color-white	bug-head_color-orange	purple wings, legs and head	4000	speaker	13664	chatMessage	I	L	2373203437075314494
41	birds_purple_tails	development	8168-6840254b-4d6c-468d-b005-9d8bb8c3b879	1550000000000.0	listener	bird-crest_tail_color-purple	bird-bird_wing_color-purple	bird-bird_wing_color-white	all yellow	1272	speaker	5289	chatMessage	I	E	4502770347205277711
43	birds_orange_tails_or_white_wings_orange_crests	development	8168-6840254b-4d6c-468d-b005-9d8bb8c3b879	1550000000000.0	listener	bird-bird_wing_color-white	bird-crest_tail_color-white	bird-crest_tail_color-purple	white head feathers and no tail	6908	speaker	10648	chatMessage	I	L	-1280276388239961114
44	bugs_wings_antennae	development	8168-6840254b-4d6c-468d-b005-9d8bb8c3b879	1550000000000.0	listener	bug-antennae_present	bug-bug_wings_color-orange	bug-antennae_present-true	All purple, no antennae	5845	speaker	9428	chatMessage	I	E	-3361973876758061161
0	bugs_white_legs_purple_wings_or_orange_antennae	development	2061-50585fd8-7833-49c9-85f7-24a2bd43d8e4	1550000000000.0	listener	bug-bug_wings_color-purple	bug-body_color-purple	bug-antennae_color-orange	Orange body and white antennas	9223	speaker	190670	chatMessage	I	L	-205841738708420555
1	fish_orange_bodies_purple_stripes	development	2061-50585fd8-7833-49c9-85f7-24a2bd43d8e4	1550000000000.0	listener	fish-stripes_present	fish-body_color-orange	fish-stripes_color-white	pink body orange stripes	6374	speaker	10770	chatMessage	I	E	1225950586545514552
3	birds_orange_tails_or_white_wings_orange_crests	development	2061-50585fd8-7833-49c9-85f7-24a2bd43d8e4	1550000000000.0	listener	bird-bird_wing_color-white	bird-crest_tail_color-purple	bird-bird_wing_color-purple	all white feathers	6676	speaker	20514	chatMessage	I	E	-6575977525399932869
6	flowers_orange_petals_purple_centers	development	2061-50585fd8-7833-49c9-85f7-24a2bd43d8e4	1550000000000.0	listener	flower-petals_color-orange	flower-stem_color-purple	flower-center_color-orange	Sorry	2519	speaker	6189	chatMessage	S		-1732728128244352768
6	flowers_orange_petals_purple_centers	development	2061-50585fd8-7833-49c9-85f7-24a2bd43d8e4	1550000000000.0	listener	flower-petals_color-orange	flower-stem_color-purple	flower-center_color-orange	its ok	1245	listener	12748	chatMessage	S		-1732728128244352768
6	flowers_orange_petals_purple_centers	development	2061-50585fd8-7833-49c9-85f7-24a2bd43d8e4	1550000000000.0	listener	flower-petals_color-orange	flower-stem_color-purple	flower-center_color-orange	White stem white center	12823	speaker	27969	chatMessage	I	E	-1732728128244352768
7	trees_without_leaves	development	2061-50585fd8-7833-49c9-85f7-24a2bd43d8e4	1550000000000.0	listener	tree-leaves_present	tree-berries_present-true	tree-berries_color-purple	NO DOTS ON LEAFS	8919	speaker	15628	chatMessage	I	E	-4081418437125005863
8	trees_purple_trunks_or_white_leaves_orange_berries	development	2061-50585fd8-7833-49c9-85f7-24a2bd43d8e4	1550000000000.0	listener	tree-berries_color-orange	tree-trunk_color-purple	tree-leaves_present-false	RED STEM PINK LEAVES	12538	speaker	19295	chatMessage	I	E	-2418848355306859394
9	birds_tails	development	2061-50585fd8-7833-49c9-85f7-24a2bd43d8e4	1550000000000.0	listener	bird-tail_present	bird-bird_wing_color-orange	bird-crest_tail_color-white	ORANGE WITH WHITE TAIL	13649	speaker	25888	chatMessage	I	E	-4128773502099850987
10	trees_orange_trunks_berries	development	2061-50585fd8-7833-49c9-85f7-24a2bd43d8e4	1550000000000.0	listener	tree-trunk_color-orange	tree-trunk_color-white	tree-berries_color-purple	PINK WITH WHITE DOTS	18569	speaker	28450	chatMessage	I	E	-7611707345577922873
11	bugs_orange_antennae_or_wings	development	2061-50585fd8-7833-49c9-85f7-24a2bd43d8e4	1550000000000.0	listener	bug-antennae_color-orange	bug-legs_color-purple	bug-bug_wings_color-purple	ORANGE LEGS NO WINGS	7064	speaker	34888	chatMessage	I	E	1340651490324670993
12	fish_whiskers	development	2061-50585fd8-7833-49c9-85f7-24a2bd43d8e4	1550000000000.0	listener	fish-whiskers_present	fish-stripes_color-white	fish-body_color-white	ORANGE BODY FISH	3449	speaker	11955	chatMessage	I	E	2468580608217791502
13	fish_orange_bodies_purple_stripes	development	2061-50585fd8-7833-49c9-85f7-24a2bd43d8e4	1550000000000.0	listener	fish-body_color-orange	fish-body_color-purple	fish-stripes_present-true	ORANGE AND WHITE STRIP FISH	13763	speaker	18715	chatMessage	I	L	3658936550378245730
14	flowers_purple_centers_or_orange_stems_with_thorns	development	2061-50585fd8-7833-49c9-85f7-24a2bd43d8e4	1550000000000.0	listener	flower-center_color-purple	flower-center_color-orange	flower-stem_color-orange	WHITE STEM AND WHITE CENTER	8924	speaker	22162	chatMessage	I	L	5953904027141922647
15	birds_orange_crests_or_purple_wings	development	2061-50585fd8-7833-49c9-85f7-24a2bd43d8e4	1550000000000.0	listener	bird-crest_tail_color-orange	bird-crest_tail_color-white	bird-bird_wing_color-purple	PINK FEATHERS EXCEPT ONE WHITE ONE	12971	speaker	38942	chatMessage	I	E	-2562159848871166434
16	flowers_thorns	development	2061-50585fd8-7833-49c9-85f7-24a2bd43d8e4	1550000000000.0	listener	flower-thorns_present	flower-petals_color-white	flower-center_color-purple	WHITE STEM ORANGE CENTER	18178	speaker	24268	chatMessage	I	E	-6019282289363107561
16	flowers_thorns	development	2061-50585fd8-7833-49c9-85f7-24a2bd43d8e4	1550000000000.0	listener	flower-thorns_present	flower-petals_color-white	flower-center_color-purple	what color flowers?	12240	listener	51629	chatMessage	F	?	-6019282289363107561
17	trees_purple_leaves_berries	development	2061-50585fd8-7833-49c9-85f7-24a2bd43d8e4	1550000000000.0	listener	tree-leaves_color-purple	tree-berries_present-true	tree-leaves_color-white	Orange stem and white dots	16617	speaker	78957	chatMessage	I	L	-4743205094174999205
17	trees_purple_leaves_berries	development	2061-50585fd8-7833-49c9-85f7-24a2bd43d8e4	1550000000000.0	listener	tree-leaves_color-purple	tree-berries_present-true	tree-leaves_color-white	what color flowers?	7944	listener	97262	chatMessage	F	?	-4743205094174999205
17	trees_purple_leaves_berries	development	2061-50585fd8-7833-49c9-85f7-24a2bd43d8e4	1550000000000.0	listener	tree-leaves_color-purple	tree-berries_present-true	tree-leaves_color-white	Red leaves	5574	speaker	131156	chatMessage	F	E	-4743205094174999205
18	trees_purple_trunks_or_white_leaves_orange_berries	development	2061-50585fd8-7833-49c9-85f7-24a2bd43d8e4	1550000000000.0	listener	tree-leaves_color-white	tree-trunk_color-white	tree-leaves_color-purple	blue leaves pink dots and pink trunk	14804	speaker	19509	chatMessage	I	L	-6295278159188406104
19	fish_white_stripes_or_purple_bodies_whiskers	development	2061-50585fd8-7833-49c9-85f7-24a2bd43d8e4	1550000000000.0	listener	fish-body_color-purple	fish-stripes_color-purple	fish-body_color-orange	pink fish orange stripes	14695	speaker	22162	chatMessage	I	E	-5942694180154987294
20	bugs_antennae_or_wings_purple_bodies	development	2061-50585fd8-7833-49c9-85f7-24a2bd43d8e4	1550000000000.0	listener	bug-body_color-purple	bug-body_color-purple	bug-antennae_color-orange	All orange except pink antennas	8848	speaker	49361	chatMessage	I	E	4134572831097036077
21	fish_fangs	development	2061-50585fd8-7833-49c9-85f7-24a2bd43d8e4	1550000000000.0	listener	fish-fangs_present	fish-stripes_color-orange	fish-stripes_color-purple	pink fish and white stripes	9660	speaker	23831	chatMessage	I	L	-4231360081722522720
22	bugs_white_legs_purple_wings_or_orange_antennae	development	2061-50585fd8-7833-49c9-85f7-24a2bd43d8e4	1550000000000.0	listener	bug-legs_color-white	bug-antennae_present-true	bug-wings_present-false	No antennas with pink body and wings	15989	speaker	46100	chatMessage	I	L	2172925228153894808
25	flowers_purple_stems_or_thorns_white_centers	development	2061-50585fd8-7833-49c9-85f7-24a2bd43d8e4	1550000000000.0	listener	flower-center_color-white	flower-petals_color-purple	flower-center_color-white	Orange base and orange center and white and gray flower ruffles	35413	speaker	43640	chatMessage	I	L	-1401382090151775381
26	birds_purple_wings_crests	development	2061-50585fd8-7833-49c9-85f7-24a2bd43d8e4	1550000000000.0	listener	bird-bird_wing_color-purple	bird-crest_tail_color-purple	bird-bird_wing_color-orange	One pink feather	2684	speaker	12640	chatMessage	I	E	-4280382733902190327
27	bugs_wings_antennae	development	2061-50585fd8-7833-49c9-85f7-24a2bd43d8e4	1550000000000.0	listener	bug-antennae_present	bug-body_color-purple	bug-antennae_color-orange	Pink head all white body	12373	speaker	18229	chatMessage	I	E	-1336101348572549915
28	trees_orange_trunks_berries	development	2061-50585fd8-7833-49c9-85f7-24a2bd43d8e4	1550000000000.0	listener	tree-berries_present	tree-leaves_present-false	tree-berries_color-purple	Blue leaves and blue trunk	7872	speaker	18392	chatMessage	I	L	4866515440781566055
29	fish_white_bodies_orange_stripes_or_fangs	development	2061-50585fd8-7833-49c9-85f7-24a2bd43d8e4	1550000000000.0	listener	fish-stripes_color-orange	fish-body_color-white	fish-whiskers_present-true	Orange fish and pink stripes	6716	speaker	30045	chatMessage	I	L	-4768061976695243443
29	fish_white_bodies_orange_stripes_or_fangs	development	2061-50585fd8-7833-49c9-85f7-24a2bd43d8e4	1550000000000.0	listener	fish-stripes_color-orange	fish-body_color-white	fish-whiskers_present-true	whiskers?	10512	listener	53974	chatMessage	F	?	-4768061976695243443
29	fish_white_bodies_orange_stripes_or_fangs	development	2061-50585fd8-7833-49c9-85f7-24a2bd43d8e4	1550000000000.0	listener	fish-stripes_color-orange	fish-body_color-white	fish-whiskers_present-true	Nope	2759	speaker	63270	chatMessage	F	A	-4768061976695243443
0	flowers_orange_stems_or_thorns	development	0309-7f8b1a32-05ad-48e4-80f0-6bc7b4d5e426	1550000000000.0	listener	flower-thorns_present	flower-center_color-orange	flower-center_color-white	flowers in same color only not any other colors	13829	speaker	46030	chatMessage	I	E	1590963551429845537
1	bugs_antennae_or_wings_purple_bodies	development	0309-7f8b1a32-05ad-48e4-80f0-6bc7b4d5e426	1550000000000.0	listener	bug-body_color-purple	bug-head_color-white	bug-wings_present-false	the picture are same but legs is less	39722	speaker	79494	chatMessage	I	Q	809173063726185741
3	flowers_purple_stems_or_thorns_white_centers	development	0309-7f8b1a32-05ad-48e4-80f0-6bc7b4d5e426	1550000000000.0	listener	flower-center_color-white	flower-center_color-orange	flower-stem_color-purple	the flower stem different in color 	25250	speaker	31023	chatMessage	I	G	-3852430303645567386
4	birds_orange_crests_or_purple_wings	development	0309-7f8b1a32-05ad-48e4-80f0-6bc7b4d5e426	1550000000000.0	listener	bird-bird_wing_color-purple	bird-crest_present-true	bird-crest_tail_color-purple	the bird is different comparing with two birds	25109	speaker	35927	chatMessage	I	G	6936305606664024714
5	flowers_purple_stems_white_petals_or_orange_centers	development	0309-7f8b1a32-05ad-48e4-80f0-6bc7b4d5e426	1550000000000.0	listener	flower-petals_color-white	flower-petals_color-orange	flower-stem_color-orange	the flower is different in color	49006	speaker	174558	chatMessage	I	G	-1740075751219732375
6	fish_white_bodies_orange_stripes_or_fangs	development	0309-7f8b1a32-05ad-48e4-80f0-6bc7b4d5e426	1550000000000.0	listener	fish-stripes_color-orange	fish-whiskers_present-true	fish-stripes_color-purple	the fish is gill	14141	speaker	96639	chatMessage	I	G	1514018382697166949
6	fish_white_bodies_orange_stripes_or_fangs	development	0309-7f8b1a32-05ad-48e4-80f0-6bc7b4d5e426	1550000000000.0	listener	fish-stripes_color-orange	fish-whiskers_present-true	fish-stripes_color-purple	without mark and mustoche	10731	speaker	114674	chatMessage	I	L	1514018382697166949
1	flowers_purple_stems_white_petals_or_orange_centers	development	9441-22ec8fcb-916d-4bd9-bfe3-a078b5a39abe	1550000000000.0	listener	flower-center_color-orange	flower-petals_color-orange	flower-stem_color-purple	Click the one that is a purple flower and has a white stem	14135	speaker	25649	chatMessage	I	I	7323673722472268376
2	fish_fangs	development	9441-22ec8fcb-916d-4bd9-bfe3-a078b5a39abe	1550000000000.0	listener	fish-fangs_present	fish-fangs_present-false	fish-body_color-white	Click the one that is a purple fish with something coming out of it's mouth	27803	speaker	30816	chatMessage	I	I	8503406680973884560
3	trees_leaves_berries_or_orange_trunks	development	9441-22ec8fcb-916d-4bd9-bfe3-a078b5a39abe	1550000000000.0	listener	tree-trunk_color-orange	tree-berries_color-purple	tree-leaves_color-purple	Click the one that has blue leaves and red berries	12392	speaker	19392	chatMessage	I	I	9076226220260854252
4	fish_orange_bodies_or_fangs	development	9441-22ec8fcb-916d-4bd9-bfe3-a078b5a39abe	1550000000000.0	listener	fish-body_color-orange	fish-stripes_color-white	fish-fangs_present-true	Click the purple fish WITHOUT stripes that does NOT have anything coming out of it's mouth~~~ 	22583	speaker	24836	chatMessage	I	I	282570681084748236
5	fish_white_stripes_whiskers	development	9441-22ec8fcb-916d-4bd9-bfe3-a078b5a39abe	1550000000000.0	listener	fish-stripes_present	fish-stripes_color-white	fish-stripes_color-orange	Click the purple fish without stripes	14771	speaker	17343	chatMessage	I	I	3339062410513902740
7	trees_white_leaves_or_orange_berries	development	9441-22ec8fcb-916d-4bd9-bfe3-a078b5a39abe	1550000000000.0	listener	tree-leaves_color-white	tree-berries_present-false	tree-leaves_color-white	Click the one that has purple leaves and purple berries	8015	speaker	15427	chatMessage	I	I	597945181628809114
10	bugs_antennae_or_wings_purple_bodies	development	9441-22ec8fcb-916d-4bd9-bfe3-a078b5a39abe	1550000000000.0	listener	bug-body_color-purple	bug-bug_wings_color-purple	bug-antennae_color-orange	Click the one that has white wings and purple antennas	14991	speaker	19775	chatMessage	I	I	-3186871295907886031
11	birds_orange_tails_or_white_wings	development	9441-22ec8fcb-916d-4bd9-bfe3-a078b5a39abe	1550000000000.0	listener	bird-bird_wing_color-white	bird-bird_wing_color-orange	bird-crest_tail_color-white	Click the one that has a purple arm wing and an orange tail of feathers	32405	speaker	39963	chatMessage	I	I	-6550663988840689653
13	trees_purple_berries_or_white_trunks	development	9441-22ec8fcb-916d-4bd9-bfe3-a078b5a39abe	1550000000000.0	listener	tree-trunk_color-white	tree-leaves_color-purple	tree-berries_present-false	Click the one with green berries and NO leaves~~~	6622	speaker	9398	chatMessage	I	I	-8506243822047588852
16	fish_white_stripes_whiskers	development	9441-22ec8fcb-916d-4bd9-bfe3-a078b5a39abe	1550000000000.0	listener	fish-stripes_color-white	fish-stripes_present-true	fish-stripes_color-white	Click the one that does not have striped and is entirely white~~~	18175	speaker	24648	chatMessage	I	I	-1460053116606014193
17	trees_white_leaves_or_orange_berries	development	9441-22ec8fcb-916d-4bd9-bfe3-a078b5a39abe	1550000000000.0	listener	tree-berries_color-orange	tree-trunk_color-purple	tree-trunk_color-white	Click the one with an orange stem/trunk	17313	speaker	20265	chatMessage	I	I	-1001735506005105933
18	bugs_white_heads_or_orange_antennae_purple_legs	development	9441-22ec8fcb-916d-4bd9-bfe3-a078b5a39abe	1550000000000.0	listener	bug-legs_color-purple	bug-head_color-white	bug-legs_color-white	Click the one with purple legs and an orange head	11411	speaker	13316	chatMessage	I	I	-7226535023870210511
20	flowers_orange_petals_purple_centers	development	9441-22ec8fcb-916d-4bd9-bfe3-a078b5a39abe	1550000000000.0	listener	flower-petals_color-orange	flower-center_color-orange	flower-stem_color-orange	Click the one that has a white stem and a white round center	15625	speaker	19336	chatMessage	I	I	-904544651649089851
21	trees_leaves_berries_or_orange_trunks	development	9441-22ec8fcb-916d-4bd9-bfe3-a078b5a39abe	1550000000000.0	listener	tree-berries_present	tree-leaves_present-false	tree-leaves_color-white	Click the one with green leaves	3727	speaker	5102	chatMessage	I	I	-4905355172112309932
22	flowers_purple_stems_white_petals_or_orange_centers	development	9441-22ec8fcb-916d-4bd9-bfe3-a078b5a39abe	1550000000000.0	listener	flower-petals_color-white	flower-center_color-purple	flower-petals_color-white	Click the one with purple leaves and a white round center	13977	speaker	15191	chatMessage	I	I	-3022689761031169096
23	bugs_purple_legs_white_heads_or_orange_wings	development	9441-22ec8fcb-916d-4bd9-bfe3-a078b5a39abe	1550000000000.0	listener	bug-bug_wings_color-orange	bug-legs_color-purple	bug-body_color-purple	Click the one with a white body and orange legs	7727	speaker	17171	chatMessage	I	I	4941726958662723251
24	flowers_purple_stems_or_thorns_white_centers	development	9441-22ec8fcb-916d-4bd9-bfe3-a078b5a39abe	1550000000000.0	listener	flower-center_color-white	flower-petals_color-orange	flower-center_color-purple	Click the one with white leaves and an orange round center	11462	speaker	11576	chatMessage	I	I	-514399610029490922
25	fish_whiskers	development	9441-22ec8fcb-916d-4bd9-bfe3-a078b5a39abe	1550000000000.0	listener	fish-whiskers_present	fish-whiskers_present-false	fish-stripes_color-white	Click the one with purple stripes and whiskers/hair coming out of it's face	21513	speaker	25868	chatMessage	I	I	-6383589367749067311
26	birds_orange_crests_or_purple_wings	development	9441-22ec8fcb-916d-4bd9-bfe3-a078b5a39abe	1550000000000.0	listener	bird-bird_wing_color-purple	bird-crest_tail_color-white	bird-tail_present-true	Click the one without feathers sticking out 	7495	speaker	9250	chatMessage	I	I	-8443357761813233867
28	birds_tails	development	9441-22ec8fcb-916d-4bd9-bfe3-a078b5a39abe	1550000000000.0	listener	bird-tail_present	bird-crest_tail_color-purple	bird-crest_tail_color-orange	Click the one with a purple body and white head feathers	15881	speaker	19684	chatMessage	I	I	-689871239241657677
29	fish_orange_bodies_purple_stripes_or_whiskers	development	9441-22ec8fcb-916d-4bd9-bfe3-a078b5a39abe	1550000000000.0	listener	fish-stripes_color-purple	fish-stripes_color-white	fish-body_color-orange	Click the purple fish with purple stripes	13922	speaker	15303	chatMessage	I	I	-7290937363698249104
31	trees_purple_leaves_berries	development	9441-22ec8fcb-916d-4bd9-bfe3-a078b5a39abe	1550000000000.0	listener	tree-leaves_color-purple	tree-berries_present-true	tree-berries_color-purple	Click the one with green leaves and green berries	7861	speaker	9227	chatMessage	I	I	-511758003257797353
32	flowers_orange_stems_or_thorns	development	9441-22ec8fcb-916d-4bd9-bfe3-a078b5a39abe	1550000000000.0	listener	flower-stem_color-orange	flower-stem_color-orange	flower-center_color-purple	Click the one with an orange round center and a white stem	8924	speaker	13255	chatMessage	I	I	5644277459147808294
33	bugs_wings_antennae	development	9441-22ec8fcb-916d-4bd9-bfe3-a078b5a39abe	1550000000000.0	listener	bug-antennae_present	bug-antennae_present-false	bug-head_color-white	Click the one with a purple head and antennas	9297	speaker	10341	chatMessage	I	I	5729165239215814167
36	bugs_purple_wings_or_white_legs	development	9441-22ec8fcb-916d-4bd9-bfe3-a078b5a39abe	1550000000000.0	listener	bug-bug_wings_color-purple	bug-head_color-orange	bug-body_color-purple	Click the one with a purple head and a white body	13942	speaker	19452	chatMessage	I	I	-7479146053051542501
37	bugs_orange_antennae_or_wings	development	9441-22ec8fcb-916d-4bd9-bfe3-a078b5a39abe	1550000000000.0	listener	bug-antennae_color-orange	bug-antennae_present-true	bug-head_color-orange	Click the one with a white head and antennas	26790	speaker	30117	chatMessage	I	I	-7780865098769870314
38	bugs_orange_head	development	9441-22ec8fcb-916d-4bd9-bfe3-a078b5a39abe	1550000000000.0	listener	bug-head_color-orange	bug-body_color-purple	bug-antennae_present-true	Click the one with white antennas and an orange body	13057	speaker	13982	chatMessage	I	I	1937473985516942774
39	fish_white_bodies_orange_stripes_or_fangs	development	9441-22ec8fcb-916d-4bd9-bfe3-a078b5a39abe	1550000000000.0	listener	fish-stripes_color-orange	fish-body_color-orange	fish-stripes_color-purple	Click the purple fish with orange stripes	13916	speaker	16110	chatMessage	I	I	1060286531300859941
40	flowers_purple_centers_or_orange_stems_with_thorns	development	9441-22ec8fcb-916d-4bd9-bfe3-a078b5a39abe	1550000000000.0	listener	flower-center_color-purple	flower-center_color-orange	flower-stem_color-purple	Click the one with an orange stem and a white round center	11057	speaker	13667	chatMessage	I	I	1708555238601098282
41	trees_orange_berries_purple_trunks_or_white_leaves	development	9441-22ec8fcb-916d-4bd9-bfe3-a078b5a39abe	1550000000000.0	listener	tree-trunk_color-purple	tree-leaves_color-white	tree-berries_color-purple	Click the one with blue leaves and white berries	5692	speaker	7684	chatMessage	I	I	-6374478533289795523
42	flowers_orange_stems_or_thorns	development	9441-22ec8fcb-916d-4bd9-bfe3-a078b5a39abe	1550000000000.0	listener	flower-thorns_present	flower-thorns_present-false	flower-stem_color-orange	Click the one that has a white stem and thorns coming out of the stem	14400	speaker	20314	chatMessage	I	I	-1225433602817591777
43	fish_white_bodies_orange_stripes_or_fangs	development	9441-22ec8fcb-916d-4bd9-bfe3-a078b5a39abe	1550000000000.0	listener	fish-body_color-white	fish-body_color-orange	fish-stripes_color-white	Click the one that is a purple fish with orange stripes	6921	speaker	9361	chatMessage	I	I	-5952603109184915002
44	bugs_without_wings	development	9441-22ec8fcb-916d-4bd9-bfe3-a078b5a39abe	1550000000000.0	listener	bug-wings_present	bug-legs_color-white	bug-wings_present-true	Click the one that has a white body with purple legs~~~ And no wings~~~	17643	speaker	19037	chatMessage	I	I	5714844267908615452
0	bugs_without_wings	development	3294-239e56ee-9290-478d-95de-667898aad219	1550000000000.0	listener	bug-wings_present	bug-antennae_color-orange	bug-antennae_present-false	pink antennas 	5114	speaker	59661	chatMessage	I	E	8336615896238181534
1	fish_orange_bodies_or_fangs_whiskers	development	3294-239e56ee-9290-478d-95de-667898aad219	1550000000000.0	listener	fish-whiskers_present	fish-stripes_present-true	fish-body_color-purple	white fish pink stripes	4019	speaker	11922	chatMessage	I	E	4392533152431328544
2	birds_white_crests_or_orange_wings_tails	development	3294-239e56ee-9290-478d-95de-667898aad219	1550000000000.0	listener	bird-crest_present	bird-crest_tail_color-orange	bird-crest_present-false	has feathers on top not long on bottom	8209	speaker	26274	chatMessage	I	E	-4228514540652510435
3	birds_purple_tails	development	3294-239e56ee-9290-478d-95de-667898aad219	1550000000000.0	listener	bird-crest_tail_color-purple	bird-bird_wing_color-orange	bird-crest_tail_color-white	yellow feathers on top pink wing	4336	speaker	9168	chatMessage	I	E	-8684689358812486879
4	flowers_thorns	development	3294-239e56ee-9290-478d-95de-667898aad219	1550000000000.0	listener	flower-thorns_present	flower-center_color-white	flower-stem_color-purple	pink center whie stem	2712	speaker	18547	chatMessage	I	E	6089353334668156505
6	bugs_purple_legs_white_heads_or_orange_wings	development	3294-239e56ee-9290-478d-95de-667898aad219	1550000000000.0	listener	bug-bug_wings_color-orange	bug-wings_present-false	bug-head_color-white	orange head and wings	4172	speaker	7328	chatMessage	I	L	-3813915489821205284
8	birds_orange_tails_or_white_wings	development	3294-239e56ee-9290-478d-95de-667898aad219	1550000000000.0	listener	bird-bird_wing_color-white	bird-crest_present-true	bird-crest_tail_color-purple	orange head no feathes	4435	speaker	14112	chatMessage	I	E	1816301644070956358
10	fish_orange_bodies_purple_stripes	development	3294-239e56ee-9290-478d-95de-667898aad219	1550000000000.0	listener	fish-stripes_color-purple	fish-stripes_color-white	fish-body_color-purple	white with pink stripes	2244	speaker	5925	chatMessage	I	E	-3036464468880772620
12	flowers_purple_stems_thorns	development	3294-239e56ee-9290-478d-95de-667898aad219	1550000000000.0	listener	flower-stem_color-purple	flower-petals_color-white	flower-center_color-orange	white center purple flowers around i	9263	speaker	17648	chatMessage	I	E	1141150160074895191
13	bugs_white_legs_purple_wings_or_orange_antennae	development	3294-239e56ee-9290-478d-95de-667898aad219	1550000000000.0	listener	bug-legs_color-white	bug-head_color-white	bug-bug_wings_color-orange	orange head purple wings	4802	speaker	9218	chatMessage	I	E	-7070849289874982356
15	flowers_purple_stems_white_petals_or_orange_centers	development	3294-239e56ee-9290-478d-95de-667898aad219	1550000000000.0	listener	flower-petals_color-white	flower-center_color-white	flower-center_color-orange	purple center circle	10110	speaker	13159	chatMessage	I	E	6417317642963685385
16	flowers_purple_stems_white_petals_or_orange_centers	development	3294-239e56ee-9290-478d-95de-667898aad219	1550000000000.0	listener	flower-center_color-orange	flower-petals_color-white	flower-center_color-purple	orange center purple flowers	6399	speaker	9563	chatMessage	I	E	827553717144481490
17	trees_white_leaves_or_orange_berries	development	3294-239e56ee-9290-478d-95de-667898aad219	1550000000000.0	listener	tree-leaves_color-white	tree-berries_color-purple	tree-leaves_color-purple	orange stem and orange bulbs	4279	speaker	6768	chatMessage	I	L	-71971191364014704
18	flowers_orange_petals_purple_centers	development	3294-239e56ee-9290-478d-95de-667898aad219	1550000000000.0	listener	flower-petals_color-orange	flower-stem_color-orange	flower-center_color-purple	white center and white stem	6493	speaker	9853	chatMessage	I	L	-813319584692210523
20	bugs_orange_head	development	3294-239e56ee-9290-478d-95de-667898aad219	1550000000000.0	listener	bug-head_color-orange	bug-antennae_present-true	bug-head_color-orange	purple antenna and white head	3847	speaker	7194	chatMessage	I	L	2830670298413094009
21	trees_orange_berries_purple_trunks_or_white_leaves	development	3294-239e56ee-9290-478d-95de-667898aad219	1550000000000.0	listener	tree-trunk_color-purple	tree-trunk_color-purple	tree-berries_color-orange	yellow stem all white flowers	5340	speaker	9159	chatMessage	I	E	4521208586859154982
22	bugs_white_legs_purple_wings_or_orange_antennae	development	3294-239e56ee-9290-478d-95de-667898aad219	1550000000000.0	listener	bug-bug_wings_color-purple	bug-head_color-white	bug-antennae_color-orange	orange head and purple antenna	3867	speaker	12146	chatMessage	I	L	-5658455424181806491
23	trees_purple_leaves_berries	development	3294-239e56ee-9290-478d-95de-667898aad219	1550000000000.0	listener	tree-leaves_color-purple	tree-berries_color-purple	tree-leaves_color-purple	blue stem and blue and green tree	5910	speaker	12699	chatMessage	I	L	-7679864874022119779
24	flowers_purple_petals_or_thorns	development	3294-239e56ee-9290-478d-95de-667898aad219	1550000000000.0	listener	flower-petals_color-purple	flower-center_color-white	flower-center_color-orange	pink center	1134	speaker	5832	chatMessage	I	E	-2340564578563222807
25	birds_white_crests_or_orange_wings_tails	development	3294-239e56ee-9290-478d-95de-667898aad219	1550000000000.0	listener	bird-crest_tail_color-white	bird-crest_tail_color-purple	bird-crest_tail_color-orange	pink feathes only on bottom	6502	speaker	8674	chatMessage	I	E	-9005105910402848759
26	trees_white_leaves_or_orange_berries	development	3294-239e56ee-9290-478d-95de-667898aad219	1550000000000.0	listener	tree-berries_color-orange	tree-berries_color-purple	tree-leaves_color-purple	yellow stem all white flowers	3571	speaker	5602	chatMessage	I	E	1206460758743919785
28	birds_tails	development	3294-239e56ee-9290-478d-95de-667898aad219	1550000000000.0	listener	bird-tail_present	bird-crest_present-true	bird-tail_present-true	pink feathers none on bottom	7901	speaker	12637	chatMessage	I	E	2319817097992852513
29	trees_orange_trunks_or_berries_white_leaves	development	3294-239e56ee-9290-478d-95de-667898aad219	1550000000000.0	listener	tree-berries_present	tree-leaves_present-false	tree-berries_color-orange	purple and blue flowers	2598	speaker	5808	chatMessage	I	E	-2998410502297794656
30	flowers_orange_stems	development	3294-239e56ee-9290-478d-95de-667898aad219	1550000000000.0	listener	flower-stem_color-orange	flower-center_color-purple	flower-thorns_present-true	pink stem orange center no thorns	16086	speaker	27080	chatMessage	I	E	-419333231414792497
32	trees_without_leaves	development	3294-239e56ee-9290-478d-95de-667898aad219	1550000000000.0	listener	tree-leaves_present	tree-leaves_color-purple	tree-trunk_color-purple	blue stem and flowers	5267	speaker	35893	chatMessage	I	E	-5050307186408081571
33	fish_white_stripes_or_purple_bodies_whiskers	development	3294-239e56ee-9290-478d-95de-667898aad219	1550000000000.0	listener	fish-body_color-purple	fish-stripes_color-orange	fish-stripes_present-true	all pink body	1616	speaker	10585	chatMessage	I	E	2587164775056748610
34	fish_white_stripes_or_whiskers	development	3294-239e56ee-9290-478d-95de-667898aad219	1550000000000.0	listener	fish-stripes_color-white	fish-body_color-purple	fish-stripes_present-true	all white body	1230	speaker	11665	chatMessage	I	E	-267721185179299276
35	bugs_orange_antennae_or_wings	development	3294-239e56ee-9290-478d-95de-667898aad219	1550000000000.0	listener	bug-antennae_color-orange	bug-head_color-orange	bug-legs_color-white	white head pink legs	6277	speaker	8866	chatMessage	I	E	6944343176191966445
36	fish_orange_bodies_or_fangs_whiskers	development	3294-239e56ee-9290-478d-95de-667898aad219	1550000000000.0	listener	fish-body_color-orange	fish-body_color-orange	fish-stripes_color-white	pink body orange feather on top	8143	speaker	26644	chatMessage	I	E	6508805994062603305
37	fish_orange_bodies_or_fangs_whiskers	development	3294-239e56ee-9290-478d-95de-667898aad219	1550000000000.0	listener	fish-fangs_present	fish-stripes_color-white	fish-body_color-purple	orange body pink stripe	3597	speaker	22962	chatMessage	I	E	7252199767004289955
38	trees_purple_berries_or_white_trunks	development	3294-239e56ee-9290-478d-95de-667898aad219	1550000000000.0	listener	tree-trunk_color-white	tree-trunk_color-orange	tree-trunk_color-white	red trunk	1304	speaker	39289	chatMessage	I	E	5931177454089286241
39	flowers_purple_centers_or_orange_stems_with_thorns	development	3294-239e56ee-9290-478d-95de-667898aad219	1550000000000.0	listener	flower-center_color-purple	flower-stem_color-purple	flower-petals_color-white	orange stem and flower	2810	speaker	5391	chatMessage	I	E	2064337094834220786
41	bugs_antennae_or_wings_purple_bodies	development	3294-239e56ee-9290-478d-95de-667898aad219	1550000000000.0	listener	bug-body_color-purple	bug-antennae_color-orange	bug-head_color-orange	white head pink antenna	2662	speaker	19693	chatMessage	I	E	9141489664300209140
42	trees_orange_trunks_or_berries_white_leaves	development	3294-239e56ee-9290-478d-95de-667898aad219	1550000000000.0	listener	tree-trunk_color-orange	tree-berries_present-false	tree-berries_color-orange	green and white flowers	2982	speaker	7443	chatMessage	I	L	-4363992700080628056
43	birds_orange_crests_or_purple_wings	development	3294-239e56ee-9290-478d-95de-667898aad219	1550000000000.0	listener	bird-crest_tail_color-orange	bird-crest_tail_color-purple	bird-crest_tail_color-orange	white feathers	1255	speaker	5750	chatMessage	I	E	3031743430270719955
44	bugs_purple_legs_white_heads	development	3294-239e56ee-9290-478d-95de-667898aad219	1550000000000.0	listener	bug-head_color-white	bug-legs_color-purple	bug-wings_present-false	white wing orange thorns	11565	speaker	19561	chatMessage	I	E	-331254325037868772
0	birds_orange_tails_or_white_wings_orange_crests	development	4104-1e9bca7e-f62d-4a5a-a8b5-81e592e25075	1550000000000.0	speaker	bird-bird_wing_color-white	bird-bird_wing_color-white	bird-crest_present-true	purple arm no headress	17669	speaker	33881	chatMessage	I	E	5604867373430451672
1	flowers_purple_stems_white_petals_or_orange_centers	development	4104-1e9bca7e-f62d-4a5a-a8b5-81e592e25075	1550000000000.0	speaker	flower-center_color-orange	flower-center_color-white	flower-center_color-orange	pur dot   	14328	speaker	25284	chatMessage	I	E	-184370823366189447
2	birds_orange_tails_or_white_wings_orange_crests	development	4104-1e9bca7e-f62d-4a5a-a8b5-81e592e25075	1550000000000.0	speaker	bird-crest_present	bird-crest_tail_color-purple	bird-bird_wing_color-white	pur arm-no feet feathers	14319	speaker	28154	chatMessage	I	E	-4757745147098436073
4	flowers_purple_petals_or_thorns	development	4104-1e9bca7e-f62d-4a5a-a8b5-81e592e25075	1550000000000.0	speaker	flower-petals_color-purple	flower-petals_color-purple	flower-stem_color-orange	grey flowers-white stem	15171	speaker	27859	chatMessage	I	E	8717319071406669595
6	bugs_purple_legs_white_heads_or_orange_wings	development	4104-1e9bca7e-f62d-4a5a-a8b5-81e592e25075	1550000000000.0	speaker	bug-bug_wings_color-orange	bug-head_color-white	bug-antennae_present-false	feelers-pur face	14362	speaker	36046	chatMessage	I	E	-4114481141329450063
7	flowers_purple_stems_or_thorns_white_centers	development	4104-1e9bca7e-f62d-4a5a-a8b5-81e592e25075	1550000000000.0	speaker	flower-center_color-white	flower-petals_color-white	flower-petals_color-orange	purple and lavender flowers	11644	speaker	36678	chatMessage	I	L	7026867491478321688
8	trees_orange_trunks_or_berries_white_leaves	development	4104-1e9bca7e-f62d-4a5a-a8b5-81e592e25075	1550000000000.0	speaker	tree-trunk_color-orange	tree-berries_color-purple	tree-berries_color-orange	pur-green	4189	speaker	14425	chatMessage	I	E	886420070977104212
9	trees_orange_berries_purple_trunks_or_white_leaves	development	4104-1e9bca7e-f62d-4a5a-a8b5-81e592e25075	1550000000000.0	speaker	tree-berries_color-orange	tree-berries_present-false	tree-leaves_color-purple	green only	6329	speaker	24691	chatMessage	I	E	-509039260624457430
11	bugs_purple_legs_white_heads	development	4104-1e9bca7e-f62d-4a5a-a8b5-81e592e25075	1550000000000.0	speaker	bug-legs_color-purple	bug-antennae_present-false	bug-legs_color-white	feelers-or legs	9695	speaker	19227	chatMessage	I	E	6826810585822527315
12	fish_orange_bodies_purple_stripes_or_whiskers	development	4104-1e9bca7e-f62d-4a5a-a8b5-81e592e25075	1550000000000.0	speaker	fish-stripes_color-purple	fish-body_color-orange	fish-whiskers_present-true	white-no whiskers	7011	speaker	15211	chatMessage	I	E	-5768806900536701642
13	bugs_orange_antennae_or_wings	development	4104-1e9bca7e-f62d-4a5a-a8b5-81e592e25075	1550000000000.0	speaker	bug-antennae_color-orange	bug-bug_wings_color-orange	bug-bug_wings_color-purple	white wings	5143	speaker	9735	chatMessage	I	E	-3235382560545705284
14	flowers_orange_stems	development	4104-1e9bca7e-f62d-4a5a-a8b5-81e592e25075	1550000000000.0	speaker	flower-stem_color-orange	flower-stem_color-orange	flower-stem_color-purple	white stem	3349	speaker	11423	chatMessage	I	E	3322526139202478986
15	bugs_wings_antennae	development	4104-1e9bca7e-f62d-4a5a-a8b5-81e592e25075	1550000000000.0	speaker	bug-antennae_present	bug-legs_color-purple	bug-legs_color-white	orge legs	7340	speaker	13841	chatMessage	I	E	-4297214620632442309
17	fish_white_stripes_or_purple_bodies_whiskers	development	4104-1e9bca7e-f62d-4a5a-a8b5-81e592e25075	1550000000000.0	speaker	fish-body_color-purple	fish-stripes_color-white	fish-stripes_color-purple	no stripes	5113	speaker	13735	chatMessage	I	E	5065709117513478991
18	fish_orange_bodies_or_fangs_whiskers	development	4104-1e9bca7e-f62d-4a5a-a8b5-81e592e25075	1550000000000.0	speaker	fish-body_color-orange	fish-stripes_present-false	fish-stripes_color-purple	blk and white stripes	9674	speaker	18210	chatMessage	I	L	-3467457491718805796
19	birds_orange_tails_or_white_wings_orange_crests	development	4104-1e9bca7e-f62d-4a5a-a8b5-81e592e25075	1550000000000.0	speaker	bird-crest_tail_color-orange	bird-crest_tail_color-white	bird-bird_wing_color-purple	or headress-or arm	23666	speaker	39999	chatMessage	I	E	-773643620789725819
20	trees_purple_berries_or_white_trunks	development	4104-1e9bca7e-f62d-4a5a-a8b5-81e592e25075	1550000000000.0	speaker	tree-trunk_color-white	tree-trunk_color-orange	tree-berries_color-purple	wh stem- green only	11781	speaker	20591	chatMessage	I	E	-4105012233890436950
21	birds_white_crests_or_orange_wings_tails	development	4104-1e9bca7e-f62d-4a5a-a8b5-81e592e25075	1550000000000.0	speaker	bird-crest_tail_color-white	bird-crest_tail_color-orange	bird-crest_present-true	all orge-no tail feathers	19576	speaker	27042	chatMessage	I	E	-961324866837346016
22	bugs_without_wings	development	4104-1e9bca7e-f62d-4a5a-a8b5-81e592e25075	1550000000000.0	speaker	bug-wings_present	bug-legs_color-white	bug-bug_wings_color-orange	or body pur legs no wings	17053	speaker	26558	chatMessage	I	E	8553577891241356967
24	flowers_purple_stems_thorns	development	4104-1e9bca7e-f62d-4a5a-a8b5-81e592e25075	1550000000000.0	speaker	flower-stem_color-purple	flower-thorns_present-false	flower-stem_color-purple	or stem with spikey things	10889	speaker	27169	chatMessage	I	E	3629634730045665769
25	trees_purple_berries	development	4104-1e9bca7e-f62d-4a5a-a8b5-81e592e25075	1550000000000.0	speaker	tree-berries_color-purple	tree-berries_color-purple	tree-trunk_color-white	blue stem with red and white	12004	speaker	22822	chatMessage	I	E	-6381523483990321795
26	fish_white_bodies_orange_stripes_or_fangs	development	4104-1e9bca7e-f62d-4a5a-a8b5-81e592e25075	1550000000000.0	speaker	fish-stripes_color-orange	fish-stripes_color-orange	fish-body_color-orange	pur-no strip	6604	speaker	11770	chatMessage	I	E	1283830714956412289
27	birds_purple_tails	development	4104-1e9bca7e-f62d-4a5a-a8b5-81e592e25075	1550000000000.0	speaker	bird-crest_tail_color-purple	bird-crest_tail_color-purple	bird-tail_present-true	white tail F	6603	speaker	16280	chatMessage	I	E	-4016870160372283479
29	fish_orange_bodies_or_fangs_whiskers	development	4104-1e9bca7e-f62d-4a5a-a8b5-81e592e25075	1550000000000.0	speaker	fish-whiskers_present	fish-body_color-purple	fish-stripes_present-false	or with ur stripes	9494	speaker	19469	chatMessage	I	E	6463744690243211141
30	trees_orange_trunks_or_berries_white_leaves	development	4104-1e9bca7e-f62d-4a5a-a8b5-81e592e25075	1550000000000.0	speaker	tree-berries_present	tree-berries_color-purple	tree-berries_color-orange	red and white	3854	speaker	10217	chatMessage	I	E	373072119808101202
31	birds_purple_wings_crests	development	4104-1e9bca7e-f62d-4a5a-a8b5-81e592e25075	1550000000000.0	speaker	bird-bird_wing_color-purple	bird-crest_tail_color-orange	bird-bird_wing_color-white	no feathers or arm	10649	speaker	19148	chatMessage	I	L	-6981330390477568514
32	bugs_antennae_or_wings_purple_bodies	development	4104-1e9bca7e-f62d-4a5a-a8b5-81e592e25075	1550000000000.0	speaker	bug-body_color-purple	bug-legs_color-white	bug-wings_present-false	wh wings-pur legs	12062	speaker	18880	chatMessage	I	E	1980239775503973000
33	fish_white_bodies_orange_stripes_or_fangs	development	4104-1e9bca7e-f62d-4a5a-a8b5-81e592e25075	1550000000000.0	speaker	fish-body_color-white	fish-stripes_color-orange	fish-body_color-orange	wh with pur stripes	12666	speaker	18626	chatMessage	I	E	7907138656063481308
34	trees_orange_berries_purple_trunks_or_white_leaves	development	4104-1e9bca7e-f62d-4a5a-a8b5-81e592e25075	1550000000000.0	speaker	tree-trunk_color-purple	tree-berries_present-true	tree-leaves_present-true	blue and pur	5188	speaker	10143	chatMessage	I	E	6958943986341356595
36	bugs_purple_legs_white_heads	development	4104-1e9bca7e-f62d-4a5a-a8b5-81e592e25075	1550000000000.0	speaker	bug-head_color-white	bug-head_color-orange	bug-legs_color-white	wh face-org legs	14738	speaker	27010	chatMessage	I	E	-6218020842370575761
37	bugs_white_legs_purple_wings_or_orange_antennae	development	4104-1e9bca7e-f62d-4a5a-a8b5-81e592e25075	1550000000000.0	speaker	bug-bug_wings_color-purple	bug-legs_color-white	bug-antennae_present-false	pur legs-pur feelers	17228	speaker	27502	chatMessage	I	E	8045345270940533366
38	trees_purple_leaves_berries	development	4104-1e9bca7e-f62d-4a5a-a8b5-81e592e25075	1550000000000.0	speaker	tree-leaves_color-purple	tree-trunk_color-purple	tree-leaves_color-purple	blu-red-wh	5696	speaker	19472	chatMessage	I	E	-6316600122141205879
40	flowers_orange_petals_purple_centers	development	4104-1e9bca7e-f62d-4a5a-a8b5-81e592e25075	1550000000000.0	speaker	flower-petals_color-orange	flower-center_color-white	flower-petals_color-orange	org dot-pur flowers	16521	speaker	22333	chatMessage	I	E	344342580050405208
41	flowers_purple_centers_or_orange_stems_with_thorns	development	4104-1e9bca7e-f62d-4a5a-a8b5-81e592e25075	1550000000000.0	speaker	flower-center_color-purple	flower-petals_color-white	flower-stem_color-purple	wh stem-org flower	12793	speaker	25512	chatMessage	I	E	-326328247419194099
42	trees_orange_trunks_or_berries_white_leaves	development	4104-1e9bca7e-f62d-4a5a-a8b5-81e592e25075	1550000000000.0	speaker	tree-leaves_color-white	tree-leaves_present-false	tree-berries_color-purple	blue-red-white	8217	speaker	20261	chatMessage	I	E	-6471112345785682649
44	bugs_orange_head	development	4104-1e9bca7e-f62d-4a5a-a8b5-81e592e25075	1550000000000.0	speaker	bug-head_color-orange	bug-bug_wings_color-orange	bug-wings_present-true	no wings	4801	speaker	10392	chatMessage	I	E	-8164450317590656876
1	fish_fangs	development	0125-d9f8cebc-61ad-45c6-abf2-a74bf7258b09	1550000000000.0	listener	fish-fangs_present	fish-whiskers_present-true	fish-stripes_color-orange	white stripes no whiskers	14728	speaker	25460	chatMessage	I	E	-840778646001567094
2	flowers_thorns	development	0125-d9f8cebc-61ad-45c6-abf2-a74bf7258b09	1550000000000.0	listener	flower-thorns_present	flower-center_color-white	flower-stem_color-orange	every part is a shade of purple	19267	speaker	45447	chatMessage	I	E	-7493758895737104612
3	flowers_purple_stems_white_petals_or_orange_centers	development	0125-d9f8cebc-61ad-45c6-abf2-a74bf7258b09	1550000000000.0	listener	flower-center_color-orange	flower-petals_color-white	flower-center_color-purple	purple petals with orange center	15596	speaker	32801	chatMessage	I	E	4419407212577711263
4	bugs_purple_wings_or_white_legs	development	0125-d9f8cebc-61ad-45c6-abf2-a74bf7258b09	1550000000000.0	listener	bug-bug_wings_color-purple	bug-head_color-orange	bug-legs_color-purple	purple head white legs	18480	speaker	30568	chatMessage	I	E	4057930673696438954
5	fish_orange_bodies_purple_stripes	development	0125-d9f8cebc-61ad-45c6-abf2-a74bf7258b09	1550000000000.0	listener	fish-stripes_color-purple	fish-body_color-purple	fish-stripes_present-true	white body white stripes	15566	speaker	29909	chatMessage	I	E	7524388342040162464
7	trees_orange_trunks_berries	development	0125-d9f8cebc-61ad-45c6-abf2-a74bf7258b09	1550000000000.0	listener	tree-trunk_color-orange	tree-leaves_color-white	tree-leaves_color-purple	orange leaves	6908	speaker	11664	chatMessage	I	E	1705320422438124643
8	fish_orange_bodies_purple_stripes	development	0125-d9f8cebc-61ad-45c6-abf2-a74bf7258b09	1550000000000.0	listener	fish-body_color-orange	fish-body_color-purple	fish-stripes_color-orange	orange body white stripes	10288	speaker	16116	chatMessage	I	E	3018018529634409595
9	flowers_purple_stems_thorns	development	0125-d9f8cebc-61ad-45c6-abf2-a74bf7258b09	1550000000000.0	listener	flower-stem_color-purple	flower-center_color-white	flower-petals_color-white	solid orange flower - petals and center	17537	speaker	32331	chatMessage	I	L	4556777419468602843
10	flowers_purple_petals_or_thorns	development	0125-d9f8cebc-61ad-45c6-abf2-a74bf7258b09	1550000000000.0	listener	flower-petals_color-purple	flower-petals_color-purple	flower-center_color-purple	white petals orange center	10618	speaker	26137	chatMessage	I	E	4095028881345340010
11	flowers_purple_stems_or_thorns_white_centers	development	0125-d9f8cebc-61ad-45c6-abf2-a74bf7258b09	1550000000000.0	listener	flower-center_color-white	flower-petals_color-orange	flower-thorns_present-false	white flower with thorns on stem	21347	speaker	34183	chatMessage	I	E	5975255053871160249
12	trees_orange_berries_purple_trunks_or_white_leaves	development	0125-d9f8cebc-61ad-45c6-abf2-a74bf7258b09	1550000000000.0	listener	tree-trunk_color-purple	tree-berries_color-purple	tree-leaves_present-true	green leaves no berries	12348	speaker	22114	chatMessage	I	E	-5475072876253120191
15	trees_white_leaves_or_orange_berries	development	0125-d9f8cebc-61ad-45c6-abf2-a74bf7258b09	1550000000000.0	listener	tree-leaves_color-white	tree-trunk_color-white	tree-trunk_color-purple	orange trunk	8631	speaker	18289	chatMessage	I	E	1575850557097046011
16	bugs_antennae_or_wings_purple_bodies	development	0125-d9f8cebc-61ad-45c6-abf2-a74bf7258b09	1550000000000.0	listener	bug-body_color-purple	bug-wings_present-false	bug-legs_color-purple	orange wings and orange legs	11188	speaker	25404	chatMessage	I	L	3321095637218089865
17	flowers_orange_stems	development	0125-d9f8cebc-61ad-45c6-abf2-a74bf7258b09	1550000000000.0	listener	flower-stem_color-orange	flower-petals_color-orange	flower-center_color-purple	white petals orange center	14024	speaker	22484	chatMessage	I	E	5691258192326113019
18	flowers_orange_petals_purple_centers	development	0125-d9f8cebc-61ad-45c6-abf2-a74bf7258b09	1550000000000.0	listener	flower-petals_color-orange	flower-petals_color-orange	flower-center_color-purple	purple petals orange center	12089	speaker	24009	chatMessage	I	E	-664992117890230532
19	fish_white_stripes_whiskers	development	0125-d9f8cebc-61ad-45c6-abf2-a74bf7258b09	1550000000000.0	listener	fish-stripes_color-white	fish-stripes_color-purple	fish-stripes_color-orange	all white no stripes	16106	speaker	25710	chatMessage	I	E	3432863912464243848
21	birds_orange_tails_or_white_wings	development	0125-d9f8cebc-61ad-45c6-abf2-a74bf7258b09	1550000000000.0	listener	bird-bird_wing_color-white	bird-crest_tail_color-white	bird-bird_wing_color-purple	orange wing and orange tail	33770	speaker	53489	chatMessage	I	L	4615983428062962316
22	birds_purple_wings_crests	development	0125-d9f8cebc-61ad-45c6-abf2-a74bf7258b09	1550000000000.0	listener	bird-bird_wing_color-purple	bird-tail_present-true	bird-crest_tail_color-white	no tail feathers	9621	speaker	15983	chatMessage	I	E	-3553748775210001044
23	birds_orange_wings_tails	development	0125-d9f8cebc-61ad-45c6-abf2-a74bf7258b09	1550000000000.0	listener	bird-bird_wing_color-orange	bird-bird_wing_color-orange	bird-crest_tail_color-purple	purple wing orange tail	9262	speaker	16153	chatMessage	I	E	-7595220966598260369
24	bugs_without_wings	development	0125-d9f8cebc-61ad-45c6-abf2-a74bf7258b09	1550000000000.0	listener	bug-wings_present	bug-head_color-orange	bug-antennae_color-orange	white head white antenna	8572	speaker	16192	chatMessage	I	E	-9172689147116042889
25	birds_purple_wings_crests	development	0125-d9f8cebc-61ad-45c6-abf2-a74bf7258b09	1550000000000.0	listener	bird-crest_present	bird-crest_tail_color-purple	bird-crest_tail_color-white	orange tail	3714	speaker	7077	chatMessage	I	E	-2693647892084540696
27	trees_purple_berries_or_white_trunks	development	0125-d9f8cebc-61ad-45c6-abf2-a74bf7258b09	1550000000000.0	listener	tree-trunk_color-white	tree-trunk_color-orange	tree-berries_present-false	white trunk purple berries	16088	speaker	26572	chatMessage	I	E	6409394920111671925
28	trees_purple_leaves_berries	development	0125-d9f8cebc-61ad-45c6-abf2-a74bf7258b09	1550000000000.0	listener	tree-leaves_color-purple	tree-leaves_present-true	tree-trunk_color-orange	red trunk blue leaves	11195	speaker	16341	chatMessage	I	E	-8101020843163220130
29	trees_white_leaves_or_orange_berries	development	0125-d9f8cebc-61ad-45c6-abf2-a74bf7258b09	1550000000000.0	listener	tree-berries_color-orange	tree-trunk_color-white	tree-leaves_color-purple	green trunk red leaves	7860	speaker	12025	chatMessage	I	E	-7882764559386766363
30	fish_orange_bodies_purple_stripes	development	0125-d9f8cebc-61ad-45c6-abf2-a74bf7258b09	1550000000000.0	listener	fish-stripes_present	fish-stripes_color-white	fish-whiskers_present-false	solid orange body and whiskers	12984	speaker	23716	chatMessage	I	L	2725497595147799239
31	bugs_wings_antennae	development	0125-d9f8cebc-61ad-45c6-abf2-a74bf7258b09	1550000000000.0	listener	bug-antennae_present	bug-antennae_present-true	bug-body_color-purple	purple antenna orange body	25781	speaker	38604	chatMessage	I	E	2020042684502194082
33	birds_tails	development	0125-d9f8cebc-61ad-45c6-abf2-a74bf7258b09	1550000000000.0	listener	bird-tail_present	bird-crest_tail_color-white	bird-crest_tail_color-orange	no tail white head feathers	19696	speaker	29780	chatMessage	I	E	5780902413084873655
34	fish_whiskers	development	0125-d9f8cebc-61ad-45c6-abf2-a74bf7258b09	1550000000000.0	listener	fish-whiskers_present	fish-fangs_present-false	fish-stripes_color-orange	purple stripes and fangs	23973	speaker	36566	chatMessage	I	L	-6559940206926962771
35	trees_purple_berries	development	0125-d9f8cebc-61ad-45c6-abf2-a74bf7258b09	1550000000000.0	listener	tree-berries_color-purple	tree-trunk_color-white	tree-berries_color-orange	purple trunk green berries	17748	speaker	23191	chatMessage	I	E	5005560838801206570
37	trees_purple_berries	development	0125-d9f8cebc-61ad-45c6-abf2-a74bf7258b09	1550000000000.0	listener	tree-berries_present	tree-leaves_color-purple	tree-berries_color-orange	orange leaves blue berries	10589	speaker	16459	chatMessage	I	E	-8448634837873417874
38	flowers_purple_stems_white_petals_or_orange_centers	development	0125-d9f8cebc-61ad-45c6-abf2-a74bf7258b09	1550000000000.0	listener	flower-petals_color-white	flower-thorns_present-true	flower-center_color-purple	all white no thorns on stem	17307	speaker	27959	chatMessage	I	E	4752825048032981741
40	bugs_purple_wings_or_white_legs	development	0125-d9f8cebc-61ad-45c6-abf2-a74bf7258b09	1550000000000.0	listener	bug-legs_color-white	bug-body_color-purple	bug-wings_present-false	white wings orange body	13289	speaker	27238	chatMessage	I	E	-1451028155520551087
41	birds_purple_wings_white_crests_or_white_tails	development	0125-d9f8cebc-61ad-45c6-abf2-a74bf7258b09	1550000000000.0	listener	bird-crest_tail_color-white	bird-crest_tail_color-orange	bird-bird_wing_color-purple	white wing no feathers	6916	speaker	17383	chatMessage	I	E	50224317969613498
42	birds_orange_tails_or_white_wings	development	0125-d9f8cebc-61ad-45c6-abf2-a74bf7258b09	1550000000000.0	listener	bird-crest_tail_color-orange	bird-bird_wing_color-purple	bird-crest_tail_color-purple	white tail orange wing	7403	speaker	14706	chatMessage	I	E	-7163846426283309179
43	fish_white_bodies_orange_stripes_or_fangs	development	0125-d9f8cebc-61ad-45c6-abf2-a74bf7258b09	1550000000000.0	listener	fish-body_color-white	fish-stripes_color-purple	fish-fangs_present-true	purple body no stripes NO fangs	29631	speaker	49681	chatMessage	I	E	5242415187973798497
44	fish_white_stripes_or_purple_bodies_whiskers	development	0125-d9f8cebc-61ad-45c6-abf2-a74bf7258b09	1550000000000.0	listener	fish-body_color-purple	fish-fangs_present-false	fish-body_color-purple	orange body and whiskers AND fangs	32414	speaker	38601	chatMessage	I	L	-1852662148387358467
0	bugs_purple_legs_white_heads_or_orange_wings	development	0146-9cbdad4a-90a0-4caf-a8b1-5c4378c1793f	1550000000000.0	listener	bug-bug_wings_color-orange	bug-body_color-purple	bug-bug_wings_color-orange	the bird in differnt color	7053	speaker	173186	chatMessage	I	G	-5374481149184179241
0	bugs_purple_legs_white_heads_or_orange_wings	development	0146-9cbdad4a-90a0-4caf-a8b1-5c4378c1793f	1550000000000.0	listener	bug-bug_wings_color-orange	bug-body_color-purple	bug-bug_wings_color-orange	is the body orange	6320	listener	199436	chatMessage	F	?	-5374481149184179241
1	trees_purple_berries_or_white_trunks	development	0146-9cbdad4a-90a0-4caf-a8b1-5c4378c1793f	1550000000000.0	listener	tree-trunk_color-white	tree-berries_color-purple	tree-trunk_color-purple	the bubble is in blue color and stem is red color	21885	speaker	60804	chatMessage	I	E	8062996241035246043
1	trees_purple_berries_or_white_trunks	development	0146-9cbdad4a-90a0-4caf-a8b1-5c4378c1793f	1550000000000.0	listener	tree-trunk_color-white	tree-berries_color-purple	tree-trunk_color-purple	got it	1895	listener	73926	chatMessage	C	Y	8062996241035246043
5	bugs_purple_wings_or_white_legs	development	0146-9cbdad4a-90a0-4caf-a8b1-5c4378c1793f	1550000000000.0	listener	bug-legs_color-white	bug-antennae_color-orange	bug-antennae_present-true	insect contain no mustache 	14252	speaker	27247	chatMessage	C	E	6360025810072626821
6	fish_white_bodies_orange_stripes_or_fangs	development	0146-9cbdad4a-90a0-4caf-a8b1-5c4378c1793f	1550000000000.0	listener	fish-body_color-white	fish-body_color-orange	fish-stripes_present-false	the fish contain all color	7544	speaker	15761	chatMessage	I	G	-3633652836462998083
7	birds_orange_crests_or_purple_wings	development	0146-9cbdad4a-90a0-4caf-a8b1-5c4378c1793f	1550000000000.0	listener	bird-crest_tail_color-orange	bird-tail_present-true	bird-crest_tail_color-white	the bird does not contain any feathers 	14778	speaker	19387	chatMessage	I	E	-7067347617880241756
8	fish_fangs	development	0146-9cbdad4a-90a0-4caf-a8b1-5c4378c1793f	1550000000000.0	listener	fish-fangs_present	fish-body_color-white	fish-fangs_present-true	the fish doesn't contain mustache	26322	speaker	37793	chatMessage	I	E	-4287049067590627059
8	fish_fangs	development	0146-9cbdad4a-90a0-4caf-a8b1-5c4378c1793f	1550000000000.0	listener	fish-fangs_present	fish-body_color-white	fish-fangs_present-true	is the body purple	4688	listener	50545	chatMessage	F	?	-4287049067590627059
8	fish_fangs	development	0146-9cbdad4a-90a0-4caf-a8b1-5c4378c1793f	1550000000000.0	listener	fish-fangs_present	fish-body_color-white	fish-fangs_present-true	yes	837	speaker	54462	chatMessage	C	Y	-4287049067590627059
9	trees_purple_leaves_berries	development	0146-9cbdad4a-90a0-4caf-a8b1-5c4378c1793f	1550000000000.0	listener	tree-leaves_color-purple	tree-trunk_color-white	tree-berries_color-orange	the stem is pink and the bubble is blue	15561	speaker	56585	chatMessage	I	E	6161609636987151819
10	fish_orange_bodies_or_fangs	development	0146-9cbdad4a-90a0-4caf-a8b1-5c4378c1793f	1550000000000.0	listener	fish-body_color-orange	fish-body_color-purple	fish-stripes_color-purple	the fish doesn't contain color and strips	19550	speaker	65655	chatMessage	I	E	2059694782638494980
10	fish_orange_bodies_or_fangs	development	0146-9cbdad4a-90a0-4caf-a8b1-5c4378c1793f	1550000000000.0	listener	fish-body_color-orange	fish-body_color-purple	fish-stripes_color-purple	hello	1788	speaker	80695	chatMessage	S		2059694782638494980
11	trees_white_leaves_or_orange_berries	development	0146-9cbdad4a-90a0-4caf-a8b1-5c4378c1793f	1550000000000.0	listener	tree-berries_color-orange	tree-trunk_color-white	tree-leaves_present-true	the stem color is yellow and leaf doesn't contain any color	26908	speaker	48932	chatMessage	I	E	-3208336438868026772
12	flowers_purple_stems_thorns	development	0146-9cbdad4a-90a0-4caf-a8b1-5c4378c1793f	1550000000000.0	listener	flower-stem_color-purple	flower-center_color-purple	flower-center_color-white	the center round contain yellow color	13066	speaker	48147	chatMessage	I	E	-4297647939790685922
13	birds_tails	development	0146-9cbdad4a-90a0-4caf-a8b1-5c4378c1793f	1550000000000.0	listener	bird-tail_present	bird-crest_tail_color-orange	bird-crest_tail_color-purple	the feather doesn't contain any color	18154	speaker	50831	chatMessage	I	G	829849918674226561
14	flowers_orange_stems	development	0146-9cbdad4a-90a0-4caf-a8b1-5c4378c1793f	1550000000000.0	listener	flower-stem_color-orange	flower-petals_color-orange	flower-center_color-orange	the flower contain same color	9219	speaker	14575	chatMessage	I	G	-1364022557423467705
14	flowers_orange_stems	development	0146-9cbdad4a-90a0-4caf-a8b1-5c4378c1793f	1550000000000.0	listener	flower-stem_color-orange	flower-petals_color-orange	flower-center_color-orange	flower contain same purple color	10383	speaker	32621	chatMessage	I	E	-1364022557423467705
14	flowers_orange_stems	development	0146-9cbdad4a-90a0-4caf-a8b1-5c4378c1793f	1550000000000.0	listener	flower-stem_color-orange	flower-petals_color-orange	flower-center_color-orange	is the center orange	7871	listener	51647	chatMessage	F	G	-1364022557423467705
14	flowers_orange_stems	development	0146-9cbdad4a-90a0-4caf-a8b1-5c4378c1793f	1550000000000.0	listener	flower-stem_color-orange	flower-petals_color-orange	flower-center_color-orange	no	883	speaker	55721	chatMessage	F	?	-1364022557423467705
15	birds_purple_tails	development	0146-9cbdad4a-90a0-4caf-a8b1-5c4378c1793f	1550000000000.0	listener	bird-crest_tail_color-purple	bird-crest_tail_color-white	bird-tail_present-false	the feather contain fully orange color 	14692	speaker	51034	chatMessage	I	Y	6699761719917217539
15	birds_purple_tails	development	0146-9cbdad4a-90a0-4caf-a8b1-5c4378c1793f	1550000000000.0	listener	bird-crest_tail_color-purple	bird-crest_tail_color-white	bird-tail_present-false	does it have a tail that is orange	8169	listener	72499	chatMessage	F	?	6699761719917217539
15	birds_purple_tails	development	0146-9cbdad4a-90a0-4caf-a8b1-5c4378c1793f	1550000000000.0	listener	bird-crest_tail_color-purple	bird-crest_tail_color-white	bird-tail_present-false	YES	829	speaker	80316	chatMessage	F	Y	6699761719917217539
18	flowers_thorns	development	0146-9cbdad4a-90a0-4caf-a8b1-5c4378c1793f	1550000000000.0	listener	flower-thorns_present	flower-petals_color-white	flower-petals_color-orange	the flower is purple 	6838	speaker	12635	chatMessage	I	E	459201937440545629
19	bugs_antennae_or_wings_purple_bodies	development	0146-9cbdad4a-90a0-4caf-a8b1-5c4378c1793f	1550000000000.0	listener	bug-body_color-purple	bug-bug_wings_color-purple	bug-antennae_present-false	insect have mustache and doesn't have wings	17211	speaker	21967	chatMessage	I	E	-7001383546392898914
20	fish_white_bodies_orange_stripes_or_fangs	development	0146-9cbdad4a-90a0-4caf-a8b1-5c4378c1793f	1550000000000.0	listener	fish-stripes_color-orange	fish-body_color-white	fish-body_color-orange	fish in purple color	5901	speaker	11138	chatMessage	I	E	1874329336971879603
21	birds_orange_crests_or_purple_wings	development	0146-9cbdad4a-90a0-4caf-a8b1-5c4378c1793f	1550000000000.0	listener	bird-bird_wing_color-purple	bird-tail_present-false	bird-crest_tail_color-orange	the bird in orange color and doesn't contain wings but it have tails	44215	speaker	47656	chatMessage	I	E	1182639873127245492
23	trees_purple_trunks_or_white_leaves_orange_berries	development	0146-9cbdad4a-90a0-4caf-a8b1-5c4378c1793f	1550000000000.0	listener	tree-trunk_color-purple	tree-trunk_color-white	tree-leaves_color-white	the tree contain all color	8117	speaker	28409	chatMessage	I	G	-3924149440587526428
24	bugs_without_wings	development	0146-9cbdad4a-90a0-4caf-a8b1-5c4378c1793f	1550000000000.0	listener	bug-wings_present	bug-bug_wings_color-purple	bug-legs_color-white	insect is purple and wings doesn't contain color	39182	speaker	45379	chatMessage	I	E	3480023560147104905
24	bugs_without_wings	development	0146-9cbdad4a-90a0-4caf-a8b1-5c4378c1793f	1550000000000.0	listener	bug-wings_present	bug-bug_wings_color-purple	bug-legs_color-white	hello	1894	speaker	71710	chatMessage	S		3480023560147104905
24	bugs_without_wings	development	0146-9cbdad4a-90a0-4caf-a8b1-5c4378c1793f	1550000000000.0	listener	bug-wings_present	bug-bug_wings_color-purple	bug-legs_color-white	not sure on this one as the feet are purple and wings are purple	18618	listener	93298	chatMessage	F	E	3480023560147104905
24	bugs_without_wings	development	0146-9cbdad4a-90a0-4caf-a8b1-5c4378c1793f	1550000000000.0	listener	bug-wings_present	bug-bug_wings_color-purple	bug-legs_color-white	feet ate purple wings doesn't contain any color	19427	speaker	122275	chatMessage	F	E	3480023560147104905
25	flowers_thorns_purple_petals_or_orange_stems	development	0146-9cbdad4a-90a0-4caf-a8b1-5c4378c1793f	1550000000000.0	listener	flower-petals_color-purple	flower-petals_color-purple	flower-center_color-orange	the flower doesnot contain any color and center point all doesn't contain any color	36486	speaker	74024	chatMessage	I	E	-6580206350062351863
27	trees_white_leaves_or_orange_berries	development	0146-9cbdad4a-90a0-4caf-a8b1-5c4378c1793f	1550000000000.0	listener	tree-leaves_color-white	tree-trunk_color-purple	tree-trunk_color-orange	the stem in green color	6163	speaker	52065	chatMessage	I	E	501324490149370873
28	bugs_orange_head	development	0146-9cbdad4a-90a0-4caf-a8b1-5c4378c1793f	1550000000000.0	listener	bug-head_color-orange	bug-antennae_present-false	bug-bug_wings_color-orange	insect contain mustache and in purple color	23278	speaker	36491	chatMessage	I	E	5293288209371402447
30	fish_white_stripes_or_purple_bodies_whiskers	development	0146-9cbdad4a-90a0-4caf-a8b1-5c4378c1793f	1550000000000.0	listener	fish-body_color-purple	fish-body_color-orange	fish-whiskers_present-false	fish is purple and contain mustache	10401	speaker	15470	chatMessage	I	E	4261794324044836934
31	trees_orange_trunks_berries	development	0146-9cbdad4a-90a0-4caf-a8b1-5c4378c1793f	1550000000000.0	listener	tree-trunk_color-orange	tree-berries_present-true	tree-trunk_color-orange	the stem in red and doesn't contain bubble	13209	speaker	19157	chatMessage	I	E	-2501288656741518514
32	bugs_wings_antennae	development	0146-9cbdad4a-90a0-4caf-a8b1-5c4378c1793f	1550000000000.0	listener	bug-antennae_present	bug-bug_wings_color-purple	bug-wings_present-true	the wing doesn't contain acolor	12548	speaker	15788	chatMessage	I	E	837714503125767012
33	bugs_orange_antennae_or_wings	development	0146-9cbdad4a-90a0-4caf-a8b1-5c4378c1793f	1550000000000.0	listener	bug-antennae_color-orange	bug-head_color-white	bug-antennae_color-orange	the head is purple and mustache also contain a color	21355	speaker	32491	chatMessage	I	E	6954481517761738421
34	flowers_purple_centers_or_orange_stems_with_thorns	development	0146-9cbdad4a-90a0-4caf-a8b1-5c4378c1793f	1550000000000.0	listener	flower-center_color-purple	flower-center_color-purple	flower-center_color-orange	flower center doesn't contain a color	11178	speaker	20279	chatMessage	I	E	-5709198641650967513
36	birds_purple_wings_white_crests_or_white_tails	development	0146-9cbdad4a-90a0-4caf-a8b1-5c4378c1793f	1550000000000.0	listener	bird-crest_tail_color-white	bird-crest_tail_color-white	bird-crest_tail_color-purple	bird doesnot have a tail	7412	speaker	11446	chatMessage	I	E	4249826030134323395
37	bugs_white_heads_or_orange_antennae_purple_legs	development	0146-9cbdad4a-90a0-4caf-a8b1-5c4378c1793f	1550000000000.0	listener	bug-head_color-white	bug-wings_present-false	bug-antennae_color-orange	leg doesnot contain a color and mustache also	12048	speaker	22715	chatMessage	I	E	-3626351780321282966
38	trees_purple_berries	development	0146-9cbdad4a-90a0-4caf-a8b1-5c4378c1793f	1550000000000.0	listener	tree-berries_color-purple	tree-trunk_color-white	tree-leaves_color-purple	tree is fully green	7635	speaker	10965	chatMessage	I	E	-3047272633316478738
39	birds_orange_tails_or_white_wings	development	0146-9cbdad4a-90a0-4caf-a8b1-5c4378c1793f	1550000000000.0	listener	bird-bird_wing_color-white	bird-tail_present-true	bird-crest_tail_color-white	bird doesnot have any tail and wing	11661	speaker	15378	chatMessage	I	E	-4016395057790037494
40	bugs_purple_wings_or_white_legs	development	0146-9cbdad4a-90a0-4caf-a8b1-5c4378c1793f	1550000000000.0	listener	bug-bug_wings_color-purple	bug-antennae_present-false	bug-bug_wings_color-orange	mustache is yellow wing also yellow	9914	speaker	19897	chatMessage	I	E	8391397156787883597
42	fish_orange_bodies_purple_stripes	development	0146-9cbdad4a-90a0-4caf-a8b1-5c4378c1793f	1550000000000.0	listener	fish-stripes_present	fish-stripes_present-false	fish-stripes_color-purple	fish have strips and contain no color	15065	speaker	19332	chatMessage	I	E	-7666746262988878047
43	fish_whiskers	development	0146-9cbdad4a-90a0-4caf-a8b1-5c4378c1793f	1550000000000.0	listener	fish-whiskers_present	fish-body_color-purple	fish-whiskers_present-true	mustache and ppurple in color	19870	speaker	33542	chatMessage	I	E	-1208407237993993528
43	fish_whiskers	development	0146-9cbdad4a-90a0-4caf-a8b1-5c4378c1793f	1550000000000.0	listener	fish-whiskers_present	fish-body_color-purple	fish-whiskers_present-true	have mustache 	3474	speaker	40147	chatMessage	I	E	-1208407237993993528
43	fish_whiskers	development	0146-9cbdad4a-90a0-4caf-a8b1-5c4378c1793f	1550000000000.0	listener	fish-whiskers_present	fish-body_color-purple	fish-whiskers_present-true	no	1185	speaker	46369	chatMessage	I	E	-1208407237993993528
43	fish_whiskers	development	0146-9cbdad4a-90a0-4caf-a8b1-5c4378c1793f	1550000000000.0	listener	fish-whiskers_present	fish-body_color-purple	fish-whiskers_present-true	doesnot contain mustache	6983	speaker	56293	chatMessage	I	E	-1208407237993993528
44	trees_without_leaves	development	0146-9cbdad4a-90a0-4caf-a8b1-5c4378c1793f	1550000000000.0	listener	tree-leaves_present	tree-leaves_present-true	tree-trunk_color-purple	fully red in color	4455	speaker	8776	chatMessage	I	E	-3596375401972951930
0	flowers_purple_centers_or_orange_stems_with_thorns	development	0134-94ec2fd6-e1d8-439a-8440-b14b6647d7b0	1550000000000.0	listener	flower-center_color-purple	flower-center_color-white	flower-petals_color-white	pick the critter with pink center and orange petals	9114	speaker	18212	chatMessage	I	I	-6537324780340717236
1	flowers_purple_stems_white_petals_or_orange_centers	development	0134-94ec2fd6-e1d8-439a-8440-b14b6647d7b0	1550000000000.0	listener	flower-petals_color-white	flower-center_color-purple	flower-center_color-white	pick orange center and orange petals	7611	speaker	11655	chatMessage	I	I	-3346387893760772390
3	birds_orange_tails_or_white_wings_orange_crests	development	0134-94ec2fd6-e1d8-439a-8440-b14b6647d7b0	1550000000000.0	listener	bird-crest_tail_color-orange	bird-crest_tail_color-white	bird-tail_present-false	choose orange tail feathers	9494	speaker	12700	chatMessage	I	I	738682685095315242
4	trees_orange_trunks_or_berries_white_leaves	development	0134-94ec2fd6-e1d8-439a-8440-b14b6647d7b0	1550000000000.0	listener	tree-leaves_present	tree-berries_color-orange	tree-leaves_present-false	choose red berries with white leaves	7934	speaker	11576	chatMessage	I	I	-3166944200447792498
5	fish_orange_bodies_or_fangs_whiskers	development	0134-94ec2fd6-e1d8-439a-8440-b14b6647d7b0	1550000000000.0	listener	fish-fangs_present	fish-fangs_present-true	fish-stripes_color-orange	choose one of the fish with purple stripes 	21610	speaker	32938	chatMessage	I	I	9079160434279784967
6	birds_purple_wings_white_crests_or_white_tails	development	0134-94ec2fd6-e1d8-439a-8440-b14b6647d7b0	1550000000000.0	listener	bird-crest_tail_color-white	bird-tail_present-true	bird-bird_wing_color-purple	choose orange wing with white feathers	8836	speaker	11724	chatMessage	I	I	-6862283373672800954
7	birds_purple_tails	development	0134-94ec2fd6-e1d8-439a-8440-b14b6647d7b0	1550000000000.0	listener	bird-crest_tail_color-purple	bird-bird_wing_color-orange	bird-bird_wing_color-white	choose purple wing with orange feathers	7819	speaker	9364	chatMessage	I	I	7486518270180866740
8	fish_white_stripes_or_purple_bodies_whiskers	development	0134-94ec2fd6-e1d8-439a-8440-b14b6647d7b0	1550000000000.0	listener	fish-body_color-purple	fish-stripes_color-purple	fish-whiskers_present-false	white stripes with whiskers	5869	speaker	17948	chatMessage	I	E	-1129970892418076338
10	bugs_purple_legs_white_heads_or_orange_wings	development	0134-94ec2fd6-e1d8-439a-8440-b14b6647d7b0	1550000000000.0	listener	bug-bug_wings_color-orange	bug-wings_present-true	bug-antennae_color-orange	white antennae orange wings	5499	speaker	8611	chatMessage	I	E	5541502237331924832
11	bugs_antennae_or_wings_purple_bodies	development	0134-94ec2fd6-e1d8-439a-8440-b14b6647d7b0	1550000000000.0	listener	bug-body_color-purple	bug-body_color-purple	bug-head_color-orange	white head, orange body	10311	speaker	20563	chatMessage	I	E	5090067708084134476
12	fish_orange_bodies_or_fangs_whiskers	development	0134-94ec2fd6-e1d8-439a-8440-b14b6647d7b0	1550000000000.0	listener	fish-body_color-orange	fish-stripes_color-orange	fish-stripes_color-white	no stripes on body	4310	speaker	6611	chatMessage	I	E	883031393204150597
13	flowers_thorns	development	0134-94ec2fd6-e1d8-439a-8440-b14b6647d7b0	1550000000000.0	listener	flower-thorns_present	flower-stem_color-orange	flower-petals_color-orange	purple stem and petals	6127	speaker	10476	chatMessage	I	E	3655417164828345286
15	trees_purple_leaves_berries	development	0134-94ec2fd6-e1d8-439a-8440-b14b6647d7b0	1550000000000.0	listener	tree-leaves_color-purple	tree-berries_present-false	tree-leaves_color-white	orange berries, no leaves	6440	speaker	9463	chatMessage	I	E	-6695756875930478162
16	trees_orange_trunks_or_berries_white_leaves	development	0134-94ec2fd6-e1d8-439a-8440-b14b6647d7b0	1550000000000.0	listener	tree-trunk_color-orange	tree-berries_present-true	tree-berries_color-purple	no berries	3762	speaker	10730	chatMessage	I	E	-2937087842838436813
17	birds_purple_wings_white_crests_or_white_tails	development	0134-94ec2fd6-e1d8-439a-8440-b14b6647d7b0	1550000000000.0	listener	bird-bird_wing_color-purple	bird-bird_wing_color-orange	bird-crest_tail_color-white	purple wing, orange feathers	5905	speaker	8339	chatMessage	I	E	3584130631759583573
19	bugs_purple_wings_or_white_legs	development	0134-94ec2fd6-e1d8-439a-8440-b14b6647d7b0	1550000000000.0	listener	bug-bug_wings_color-purple	bug-body_color-purple	bug-head_color-white	white body, purple head 	9389	speaker	19832	chatMessage	I	E	3727155193909010012
21	flowers_orange_petals_purple_centers	development	0134-94ec2fd6-e1d8-439a-8440-b14b6647d7b0	1550000000000.0	listener	flower-petals_color-orange	flower-petals_color-orange	flower-center_color-orange	white center, purple petals	3897	speaker	7301	chatMessage	I	E	3169641928591282760
22	birds_orange_wings_tails	development	0134-94ec2fd6-e1d8-439a-8440-b14b6647d7b0	1550000000000.0	listener	bird-bird_wing_color-orange	bird-bird_wing_color-white	bird-crest_tail_color-orange	orange wing, no head feathers	5992	speaker	11135	chatMessage	I	E	7774027140947151960
23	bugs_without_wings	development	0134-94ec2fd6-e1d8-439a-8440-b14b6647d7b0	1550000000000.0	listener	bug-wings_present	bug-antennae_present-true	bug-bug_wings_color-orange	purple body, white head, purple antennae	7344	speaker	10766	chatMessage	I	E	589362289347479816
24	trees_orange_berries_purple_trunks_or_white_leaves	development	0134-94ec2fd6-e1d8-439a-8440-b14b6647d7b0	1550000000000.0	listener	tree-berries_color-orange	tree-leaves_color-purple	tree-berries_color-orange	white berries, no leaves	3104	speaker	4758	chatMessage	I	E	-8006529039091870298
25	birds_tails	development	0134-94ec2fd6-e1d8-439a-8440-b14b6647d7b0	1550000000000.0	listener	bird-tail_present	bird-bird_wing_color-purple	bird-crest_present-false	white wing, white head and tail feathers	9397	speaker	14244	chatMessage	I	L	2968051387257205658
26	bugs_purple_wings_or_white_legs	development	0134-94ec2fd6-e1d8-439a-8440-b14b6647d7b0	1550000000000.0	listener	bug-legs_color-white	bug-antennae_color-orange	bug-body_color-purple	all white body, no antennae	5478	speaker	12415	chatMessage	I	E	2361334296938087051
27	bugs_purple_legs_white_heads	development	0134-94ec2fd6-e1d8-439a-8440-b14b6647d7b0	1550000000000.0	listener	bug-head_color-white	bug-antennae_color-orange	bug-bug_wings_color-purple	no wings, no antennae	5792	speaker	9809	chatMessage	I	E	-6336528376595405866
28	fish_white_bodies_orange_stripes_or_fangs	development	0134-94ec2fd6-e1d8-439a-8440-b14b6647d7b0	1550000000000.0	listener	fish-stripes_color-orange	fish-stripes_color-white	fish-body_color-white	all purple body, no stripes	7062	speaker	10456	chatMessage	I	E	5848957926514298206
30	flowers_purple_stems_or_thorns_white_centers	development	0134-94ec2fd6-e1d8-439a-8440-b14b6647d7b0	1550000000000.0	listener	flower-center_color-white	flower-petals_color-white	flower-thorns_present-true	purple center and petals NO spikes	13626	speaker	19156	chatMessage	I	L	-3902978234522544730
31	trees_purple_berries_or_white_trunks	development	0134-94ec2fd6-e1d8-439a-8440-b14b6647d7b0	1550000000000.0	listener	tree-trunk_color-white	tree-trunk_color-orange	tree-berries_present-false	green trunk with blue berries and leaves	12275	speaker	14672	chatMessage	I	L	-6866221763519198704
33	trees_purple_berries	development	0134-94ec2fd6-e1d8-439a-8440-b14b6647d7b0	1550000000000.0	listener	tree-berries_color-purple	tree-leaves_color-purple	tree-berries_color-purple	all blue	1970	speaker	4953	chatMessage	I	E	-4534080058607919243
34	flowers_purple_stems_white_petals_or_orange_centers	development	0134-94ec2fd6-e1d8-439a-8440-b14b6647d7b0	1550000000000.0	listener	flower-center_color-orange	flower-stem_color-purple	flower-stem_color-orange	white stem	1553	speaker	3557	chatMessage	I	E	-2084266074761129745
35	trees_orange_berries_purple_trunks_or_white_leaves	development	0134-94ec2fd6-e1d8-439a-8440-b14b6647d7b0	1550000000000.0	listener	tree-trunk_color-purple	tree-trunk_color-purple	tree-leaves_color-white	red trunk, purple leaves, blue berries	7252	speaker	10860	chatMessage	I	E	223802811741965344
36	trees_orange_trunks_or_berries_white_leaves	development	0134-94ec2fd6-e1d8-439a-8440-b14b6647d7b0	1550000000000.0	listener	tree-leaves_color-white	tree-leaves_color-white	tree-trunk_color-purple	green trunk, purple leaves, blue berries	8694	speaker	13241	chatMessage	I	E	-555799444119932877
37	trees_orange_trunks_or_berries_white_leaves	development	0134-94ec2fd6-e1d8-439a-8440-b14b6647d7b0	1550000000000.0	listener	tree-berries_present	tree-berries_present-false	tree-leaves_color-white	red leaves and berries	4160	speaker	7550	chatMessage	I	L	2486609907340495368
38	bugs_wings_antennae	development	0134-94ec2fd6-e1d8-439a-8440-b14b6647d7b0	1550000000000.0	listener	bug-antennae_present	bug-legs_color-white	bug-body_color-purple	white body, purple legs and head	9983	speaker	15546	chatMessage	I	L	7473330184483203476
39	fish_white_stripes_whiskers	development	0134-94ec2fd6-e1d8-439a-8440-b14b6647d7b0	1550000000000.0	listener	fish-stripes_present	fish-stripes_color-white	fish-fangs_present-false	one of the purple striped ones~~~~~~~~~it's the middle pic for me	14516	speaker	22200	chatMessage	I	Q	4728855218681428847
40	flowers_purple_petals_or_thorns	development	0134-94ec2fd6-e1d8-439a-8440-b14b6647d7b0	1550000000000.0	listener	flower-petals_color-purple	flower-center_color-white	flower-petals_color-purple	purple center, orange petals	4463	speaker	9261	chatMessage	I	E	4370109998229107893
41	flowers_orange_stems	development	0134-94ec2fd6-e1d8-439a-8440-b14b6647d7b0	1550000000000.0	listener	flower-stem_color-orange	flower-stem_color-purple	flower-petals_color-orange	orange stem, white flower/petals	7975	speaker	14022	chatMessage	I	E	6871739884091897755
42	flowers_purple_stems_thorns	development	0134-94ec2fd6-e1d8-439a-8440-b14b6647d7b0	1550000000000.0	listener	flower-stem_color-purple	flower-center_color-orange	flower-thorns_present-false	stem has spikes, white center on flower	11511	speaker	20300	chatMessage	I	E	8056112470943182911
43	fish_white_stripes_whiskers	development	0134-94ec2fd6-e1d8-439a-8440-b14b6647d7b0	1550000000000.0	listener	fish-stripes_color-white	fish-stripes_color-purple	fish-stripes_color-white	no stripes on body	4020	speaker	7344	chatMessage	I	E	-8809598024457967709
44	bugs_purple_legs_white_heads	development	0134-94ec2fd6-e1d8-439a-8440-b14b6647d7b0	1550000000000.0	listener	bug-legs_color-purple	bug-antennae_present-false	bug-bug_wings_color-purple	no wings, white antennae 	4401	speaker	8217	chatMessage	I	E	-8769700370037862409
3	bugs_wings_antennae	development	4491-b16d9463-8187-4859-a5c4-1aca721fab72	1550000000000.0	speaker	bug-antennae_present	bug-body_color-purple	bug-antennae_present-false	orange body, white antenna 	3087	speaker	5948	chatMessage	I	E	3934119969998610032
4	trees_white_leaves_or_orange_berries	development	4491-b16d9463-8187-4859-a5c4-1aca721fab72	1550000000000.0	speaker	tree-leaves_color-white	tree-berries_present-false	tree-leaves_present-true	white leaves and green dots	3622	speaker	7821	chatMessage	I	L	5973457267003843494
5	fish_whiskers	development	4491-b16d9463-8187-4859-a5c4-1aca721fab72	1550000000000.0	speaker	fish-whiskers_present	fish-stripes_color-purple	fish-body_color-orange	completely white fish	2320	speaker	4670	chatMessage	I	E	1560189423494002920
6	trees_purple_leaves_berries	development	4491-b16d9463-8187-4859-a5c4-1aca721fab72	1550000000000.0	speaker	tree-leaves_color-purple	tree-leaves_color-purple	tree-trunk_color-orange	blue body, red leaves	3840	speaker	7840	chatMessage	I	E	2566569000423353099
7	trees_without_leaves	development	4491-b16d9463-8187-4859-a5c4-1aca721fab72	1550000000000.0	speaker	tree-leaves_present	tree-leaves_present-false	tree-berries_color-purple	orange leaves, blue dots	3088	speaker	13556	chatMessage	I	E	8908162944382368130
9	flowers_purple_centers_or_orange_stems_with_thorns	development	4491-b16d9463-8187-4859-a5c4-1aca721fab72	1550000000000.0	speaker	flower-center_color-purple	flower-stem_color-orange	flower-stem_color-purple	white stalk	3582	speaker	10596	chatMessage	I	E	-1645679118872463788
10	birds_purple_tails	development	4491-b16d9463-8187-4859-a5c4-1aca721fab72	1550000000000.0	speaker	bird-crest_tail_color-purple	bird-bird_wing_color-orange	bird-crest_tail_color-purple	orange hair except for one piece of hair under the eyes is pink	14231	speaker	31311	chatMessage	I	E	1775133906999829047
11	flowers_purple_stems_white_petals_or_orange_centers	development	4491-b16d9463-8187-4859-a5c4-1aca721fab72	1550000000000.0	speaker	flower-petals_color-white	flower-center_color-white	flower-stem_color-purple	orange stalk, center circle is pink	6928	speaker	21602	chatMessage	I	E	6900372416283657932
12	flowers_purple_stems_white_petals_or_orange_centers	development	4491-b16d9463-8187-4859-a5c4-1aca721fab72	1550000000000.0	speaker	flower-center_color-orange	flower-petals_color-orange	flower-petals_color-purple	white petals 	3327	speaker	6232	chatMessage	I	E	2258005837993152138
13	bugs_purple_legs_white_heads_or_orange_wings	development	4491-b16d9463-8187-4859-a5c4-1aca721fab72	1550000000000.0	speaker	bug-bug_wings_color-orange	bug-legs_color-purple	bug-wings_present-true	white body, white spikes, orange wings 	5792	speaker	9075	chatMessage	I	E	9167270041680545162
