trialNum	rule	iterationName	gameid	time	firstRole	salientFeature	distr1Feature	distr2Feature	selection	timeFromRoundStart	eventType	example_id
0	flowers_purple_centers_or_orange_stems_with_thorns	development	0134-94ec2fd6-e1d8-439a-8440-b14b6647d7b0	1554304870626	listener	flower-center_color-purple	flower-center_color-white	flower-petals_color-white	target	23303	clickedObj	-6537324780340717236
1	flowers_purple_stems_white_petals_or_orange_centers	development	0134-94ec2fd6-e1d8-439a-8440-b14b6647d7b0	1554304892886	listener	flower-petals_color-white	flower-center_color-purple	flower-center_color-white	target	19148	clickedObj	-3346387893760772390
3	birds_orange_tails_or_white_wings_orange_crests	development	0134-94ec2fd6-e1d8-439a-8440-b14b6647d7b0	1554304943168	listener	bird-crest_tail_color-orange	bird-crest_tail_color-white	bird-tail_present-false	target	21161	clickedObj	738682685095315242
4	trees_orange_trunks_or_berries_white_leaves	development	0134-94ec2fd6-e1d8-439a-8440-b14b6647d7b0	1554304961526	listener	tree-leaves_present	tree-berries_color-orange	tree-leaves_present-false	target	15179	clickedObj	-3166944200447792498
5	fish_orange_bodies_or_fangs_whiskers	development	0134-94ec2fd6-e1d8-439a-8440-b14b6647d7b0	1554305010475	listener	fish-fangs_present	fish-fangs_present-true	fish-stripes_color-orange	distr1	45781	clickedObj	9079160434279784967
6	birds_purple_wings_white_crests_or_white_tails	development	0134-94ec2fd6-e1d8-439a-8440-b14b6647d7b0	1554305032487	listener	bird-crest_tail_color-white	bird-tail_present-true	bird-bird_wing_color-purple	target	18904	clickedObj	-6862283373672800954
7	birds_purple_tails	development	0134-94ec2fd6-e1d8-439a-8440-b14b6647d7b0	1554305050281	listener	bird-crest_tail_color-purple	bird-bird_wing_color-orange	bird-bird_wing_color-white	target	14691	clickedObj	7486518270180866740
8	fish_white_stripes_or_purple_bodies_whiskers	development	0134-94ec2fd6-e1d8-439a-8440-b14b6647d7b0	1554305076301	listener	fish-body_color-purple	fish-stripes_color-purple	fish-whiskers_present-false	target	22829	clickedObj	-1129970892418076338
10	bugs_purple_legs_white_heads_or_orange_wings	development	0134-94ec2fd6-e1d8-439a-8440-b14b6647d7b0	1554305116344	listener	bug-bug_wings_color-orange	bug-wings_present-true	bug-antennae_color-orange	target	11998	clickedObj	5541502237331924832
11	bugs_antennae_or_wings_purple_bodies	development	0134-94ec2fd6-e1d8-439a-8440-b14b6647d7b0	1554305145071	listener	bug-body_color-purple	bug-body_color-purple	bug-head_color-orange	target	25562	clickedObj	5090067708084134476
12	fish_orange_bodies_or_fangs_whiskers	development	0134-94ec2fd6-e1d8-439a-8440-b14b6647d7b0	1554305158043	listener	fish-body_color-orange	fish-stripes_color-orange	fish-stripes_color-white	target	9779	clickedObj	883031393204150597
13	flowers_thorns	development	0134-94ec2fd6-e1d8-439a-8440-b14b6647d7b0	1554305176220	listener	flower-thorns_present	flower-stem_color-orange	flower-petals_color-orange	target	15039	clickedObj	3655417164828345286
15	trees_purple_leaves_berries	development	0134-94ec2fd6-e1d8-439a-8440-b14b6647d7b0	1554305222317	listener	tree-leaves_color-purple	tree-berries_present-false	tree-leaves_color-white	target	15568	clickedObj	-6695756875930478162
16	trees_orange_trunks_or_berries_white_leaves	development	0134-94ec2fd6-e1d8-439a-8440-b14b6647d7b0	1554305240500	listener	tree-trunk_color-orange	tree-berries_present-true	tree-berries_color-purple	target	15009	clickedObj	-2937087842838436813
17	birds_purple_wings_white_crests_or_white_tails	development	0134-94ec2fd6-e1d8-439a-8440-b14b6647d7b0	1554305257749	listener	bird-bird_wing_color-purple	bird-bird_wing_color-orange	bird-crest_tail_color-white	target	14127	clickedObj	3584130631759583573
19	bugs_purple_wings_or_white_legs	development	0134-94ec2fd6-e1d8-439a-8440-b14b6647d7b0	1554305306397	listener	bug-bug_wings_color-purple	bug-body_color-purple	bug-head_color-white	target	25707	clickedObj	3727155193909010012
21	flowers_orange_petals_purple_centers	development	0134-94ec2fd6-e1d8-439a-8440-b14b6647d7b0	1554305345257	listener	flower-petals_color-orange	flower-petals_color-orange	flower-center_color-orange	target	13152	clickedObj	3169641928591282760
22	birds_orange_wings_tails	development	0134-94ec2fd6-e1d8-439a-8440-b14b6647d7b0	1554305367964	listener	bird-bird_wing_color-orange	bird-bird_wing_color-white	bird-crest_tail_color-orange	target	19470	clickedObj	7774027140947151960
23	bugs_without_wings	development	0134-94ec2fd6-e1d8-439a-8440-b14b6647d7b0	1554305386209	listener	bug-wings_present	bug-antennae_present-true	bug-bug_wings_color-orange	target	15086	clickedObj	589362289347479816
24	trees_orange_berries_purple_trunks_or_white_leaves	development	0134-94ec2fd6-e1d8-439a-8440-b14b6647d7b0	1554305399369	listener	tree-berries_color-orange	tree-leaves_color-purple	tree-berries_color-orange	target	10041	clickedObj	-8006529039091870298
25	birds_tails	development	0134-94ec2fd6-e1d8-439a-8440-b14b6647d7b0	1554305426475	listener	bird-tail_present	bird-bird_wing_color-purple	bird-crest_present-false	target	23919	clickedObj	2968051387257205658
26	bugs_purple_wings_or_white_legs	development	0134-94ec2fd6-e1d8-439a-8440-b14b6647d7b0	1554305447393	listener	bug-legs_color-white	bug-antennae_color-orange	bug-body_color-purple	target	17806	clickedObj	2361334296938087051
27	bugs_purple_legs_white_heads	development	0134-94ec2fd6-e1d8-439a-8440-b14b6647d7b0	1554305464496	listener	bug-head_color-white	bug-antennae_color-orange	bug-bug_wings_color-purple	target	13916	clickedObj	-6336528376595405866
28	fish_white_bodies_orange_stripes_or_fangs	development	0134-94ec2fd6-e1d8-439a-8440-b14b6647d7b0	1554305483086	listener	fish-stripes_color-orange	fish-stripes_color-white	fish-body_color-white	target	15443	clickedObj	5848957926514298206
30	flowers_purple_stems_or_thorns_white_centers	development	0134-94ec2fd6-e1d8-439a-8440-b14b6647d7b0	1554305535919	listener	flower-center_color-white	flower-petals_color-white	flower-thorns_present-true	target	35572	clickedObj	-3902978234522544730
31	trees_purple_berries_or_white_trunks	development	0134-94ec2fd6-e1d8-439a-8440-b14b6647d7b0	1554305560506	listener	tree-trunk_color-white	tree-trunk_color-orange	tree-berries_present-false	target	21451	clickedObj	-6866221763519198704
33	trees_purple_berries	development	0134-94ec2fd6-e1d8-439a-8440-b14b6647d7b0	1554305588017	listener	tree-berries_color-purple	tree-leaves_color-purple	tree-berries_color-purple	target	7694	clickedObj	-4534080058607919243
34	flowers_purple_stems_white_petals_or_orange_centers	development	0134-94ec2fd6-e1d8-439a-8440-b14b6647d7b0	1554305597592	listener	flower-center_color-orange	flower-stem_color-purple	flower-stem_color-orange	target	6392	clickedObj	-2084266074761129745
35	trees_orange_berries_purple_trunks_or_white_leaves	development	0134-94ec2fd6-e1d8-439a-8440-b14b6647d7b0	1554305615778	listener	tree-trunk_color-purple	tree-trunk_color-purple	tree-leaves_color-white	distr1	15078	clickedObj	223802811741965344
36	trees_orange_trunks_or_berries_white_leaves	development	0134-94ec2fd6-e1d8-439a-8440-b14b6647d7b0	1554305637268	listener	tree-leaves_color-white	tree-leaves_color-white	tree-trunk_color-purple	target	18351	clickedObj	-555799444119932877
37	trees_orange_trunks_or_berries_white_leaves	development	0134-94ec2fd6-e1d8-439a-8440-b14b6647d7b0	1554305651543	listener	tree-berries_present	tree-berries_present-false	tree-leaves_color-white	target	11130	clickedObj	2486609907340495368
38	bugs_wings_antennae	development	0134-94ec2fd6-e1d8-439a-8440-b14b6647d7b0	1554305673743	listener	bug-antennae_present	bug-legs_color-white	bug-body_color-purple	target	19088	clickedObj	7473330184483203476
39	fish_white_stripes_whiskers	development	0134-94ec2fd6-e1d8-439a-8440-b14b6647d7b0	1554305704418	listener	fish-stripes_present	fish-stripes_color-white	fish-fangs_present-false	distr2	27534	clickedObj	4728855218681428847
40	flowers_purple_petals_or_thorns	development	0134-94ec2fd6-e1d8-439a-8440-b14b6647d7b0	1554305721604	listener	flower-petals_color-purple	flower-center_color-white	flower-petals_color-purple	target	14013	clickedObj	4370109998229107893
41	flowers_orange_stems	development	0134-94ec2fd6-e1d8-439a-8440-b14b6647d7b0	1554305742442	listener	flower-stem_color-orange	flower-stem_color-purple	flower-petals_color-orange	target	17628	clickedObj	6871739884091897755
42	flowers_purple_stems_thorns	development	0134-94ec2fd6-e1d8-439a-8440-b14b6647d7b0	1554305771230	listener	flower-stem_color-purple	flower-center_color-orange	flower-thorns_present-false	target	25682	clickedObj	8056112470943182911
43	fish_white_stripes_whiskers	development	0134-94ec2fd6-e1d8-439a-8440-b14b6647d7b0	1554305786950	listener	fish-stripes_color-white	fish-stripes_color-purple	fish-stripes_color-white	target	12565	clickedObj	-8809598024457967709
44	bugs_purple_legs_white_heads	development	0134-94ec2fd6-e1d8-439a-8440-b14b6647d7b0	1554305806098	listener	bug-legs_color-purple	bug-antennae_present-false	bug-bug_wings_color-purple	target	15961	clickedObj	-8769700370037862409
0	flowers_orange_stems_or_thorns	development	0309-7f8b1a32-05ad-48e4-80f0-6bc7b4d5e426	1554304849896	listener	flower-thorns_present	flower-center_color-orange	flower-center_color-white	target	78603	clickedObj	1590963551429845537
1	bugs_antennae_or_wings_purple_bodies	development	0309-7f8b1a32-05ad-48e4-80f0-6bc7b4d5e426	1554304985687	listener	bug-body_color-purple	bug-head_color-white	bug-wings_present-false	target	132760	clickedObj	809173063726185741
3	flowers_purple_stems_or_thorns_white_centers	development	0309-7f8b1a32-05ad-48e4-80f0-6bc7b4d5e426	1554305166286	listener	flower-center_color-white	flower-center_color-orange	flower-stem_color-purple	distr2	55390	clickedObj	-3852430303645567386
4	birds_orange_crests_or_purple_wings	development	0309-7f8b1a32-05ad-48e4-80f0-6bc7b4d5e426	1554305209793	listener	bird-bird_wing_color-purple	bird-crest_present-true	bird-crest_tail_color-purple	target	40476	clickedObj	6936305606664024714
5	flowers_purple_stems_white_petals_or_orange_centers	development	0309-7f8b1a32-05ad-48e4-80f0-6bc7b4d5e426	1554305391266	listener	flower-petals_color-white	flower-petals_color-orange	flower-stem_color-orange	distr1	178423	clickedObj	-1740075751219732375
6	fish_white_bodies_orange_stripes_or_fangs	development	0309-7f8b1a32-05ad-48e4-80f0-6bc7b4d5e426	1554305514992	listener	fish-stripes_color-orange	fish-whiskers_present-true	fish-stripes_color-purple	target	120694	clickedObj	1514018382697166949
0	bugs_white_legs_purple_wings_or_orange_antennae	development	2061-50585fd8-7833-49c9-85f7-24a2bd43d8e4	1554306224485	listener	bug-bug_wings_color-purple	bug-body_color-purple	bug-antennae_color-orange	target	195759	clickedObj	-205841738708420555
1	fish_orange_bodies_purple_stripes	development	2061-50585fd8-7833-49c9-85f7-24a2bd43d8e4	1554306244121	listener	fish-stripes_present	fish-body_color-orange	fish-stripes_color-white	target	16570	clickedObj	1225950586545514552
3	birds_orange_tails_or_white_wings_orange_crests	development	2061-50585fd8-7833-49c9-85f7-24a2bd43d8e4	1554306335952	listener	bird-bird_wing_color-white	bird-crest_tail_color-purple	bird-bird_wing_color-purple	target	57296	clickedObj	-6575977525399932869
6	flowers_orange_petals_purple_centers	development	2061-50585fd8-7833-49c9-85f7-24a2bd43d8e4	1554306425381	listener	flower-petals_color-orange	flower-stem_color-purple	flower-center_color-orange	target	35020	clickedObj	-1732728128244352768
7	trees_without_leaves	development	2061-50585fd8-7833-49c9-85f7-24a2bd43d8e4	1554306447230	listener	tree-leaves_present	tree-berries_present-true	tree-berries_color-purple	target	18782	clickedObj	-4081418437125005863
8	trees_purple_trunks_or_white_leaves_orange_berries	development	2061-50585fd8-7833-49c9-85f7-24a2bd43d8e4	1554306474110	listener	tree-berries_color-orange	tree-trunk_color-purple	tree-leaves_present-false	target	23810	clickedObj	-2418848355306859394
9	birds_tails	development	2061-50585fd8-7833-49c9-85f7-24a2bd43d8e4	1554306509422	listener	bird-tail_present	bird-bird_wing_color-orange	bird-crest_tail_color-white	distr1	32245	clickedObj	-4128773502099850987
10	trees_orange_trunks_berries	development	2061-50585fd8-7833-49c9-85f7-24a2bd43d8e4	1554306546813	listener	tree-trunk_color-orange	tree-trunk_color-white	tree-berries_color-purple	target	34327	clickedObj	-7611707345577922873
11	bugs_orange_antennae_or_wings	development	2061-50585fd8-7833-49c9-85f7-24a2bd43d8e4	1554306587709	listener	bug-antennae_color-orange	bug-legs_color-purple	bug-bug_wings_color-purple	target	37830	clickedObj	1340651490324670993
12	fish_whiskers	development	2061-50585fd8-7833-49c9-85f7-24a2bd43d8e4	1554306608973	listener	fish-whiskers_present	fish-stripes_color-white	fish-body_color-white	target	18195	clickedObj	2468580608217791502
13	fish_orange_bodies_purple_stripes	development	2061-50585fd8-7833-49c9-85f7-24a2bd43d8e4	1554306635827	listener	fish-body_color-orange	fish-body_color-purple	fish-stripes_present-true	target	23787	clickedObj	3658936550378245730
14	flowers_purple_centers_or_orange_stems_with_thorns	development	2061-50585fd8-7833-49c9-85f7-24a2bd43d8e4	1554306664667	listener	flower-center_color-purple	flower-center_color-orange	flower-stem_color-orange	target	25780	clickedObj	5953904027141922647
15	birds_orange_crests_or_purple_wings	development	2061-50585fd8-7833-49c9-85f7-24a2bd43d8e4	1554306715611	listener	bird-crest_tail_color-orange	bird-crest_tail_color-white	bird-bird_wing_color-purple	target	47884	clickedObj	-2562159848871166434
16	flowers_thorns	development	2061-50585fd8-7833-49c9-85f7-24a2bd43d8e4	1554306831103	listener	flower-thorns_present	flower-petals_color-white	flower-center_color-purple	target	112429	clickedObj	-6019282289363107561
17	trees_purple_leaves_berries	development	2061-50585fd8-7833-49c9-85f7-24a2bd43d8e4	1554306967783	listener	tree-leaves_color-purple	tree-berries_present-true	tree-leaves_color-white	target	133606	clickedObj	-4743205094174999205
18	trees_purple_trunks_or_white_leaves_orange_berries	development	2061-50585fd8-7833-49c9-85f7-24a2bd43d8e4	1554306998391	listener	tree-leaves_color-white	tree-trunk_color-white	tree-leaves_color-purple	target	27541	clickedObj	-6295278159188406104
19	fish_white_stripes_or_purple_bodies_whiskers	development	2061-50585fd8-7833-49c9-85f7-24a2bd43d8e4	1554307028501	listener	fish-body_color-purple	fish-stripes_color-purple	fish-body_color-orange	target	27044	clickedObj	-5942694180154987294
20	bugs_antennae_or_wings_purple_bodies	development	2061-50585fd8-7833-49c9-85f7-24a2bd43d8e4	1554307086318	listener	bug-body_color-purple	bug-body_color-purple	bug-antennae_color-orange	target	54754	clickedObj	4134572831097036077
21	fish_fangs	development	2061-50585fd8-7833-49c9-85f7-24a2bd43d8e4	1554307117502	listener	fish-fangs_present	fish-stripes_color-orange	fish-stripes_color-purple	target	28113	clickedObj	-4231360081722522720
22	bugs_white_legs_purple_wings_or_orange_antennae	development	2061-50585fd8-7833-49c9-85f7-24a2bd43d8e4	1554307174068	listener	bug-legs_color-white	bug-antennae_present-true	bug-wings_present-false	target	53500	clickedObj	2172925228153894808
25	flowers_purple_stems_or_thorns_white_centers	development	2061-50585fd8-7833-49c9-85f7-24a2bd43d8e4	1554307313896	listener	flower-center_color-white	flower-petals_color-purple	flower-center_color-white	target	55417	clickedObj	-1401382090151775381
26	birds_purple_wings_crests	development	2061-50585fd8-7833-49c9-85f7-24a2bd43d8e4	1554307338450	listener	bird-bird_wing_color-purple	bird-crest_tail_color-purple	bird-bird_wing_color-orange	target	21488	clickedObj	-4280382733902190327
27	bugs_wings_antennae	development	2061-50585fd8-7833-49c9-85f7-24a2bd43d8e4	1554307368129	listener	bug-antennae_present	bug-body_color-purple	bug-antennae_color-orange	target	26607	clickedObj	-1336101348572549915
28	trees_orange_trunks_berries	development	2061-50585fd8-7833-49c9-85f7-24a2bd43d8e4	1554307394152	listener	tree-berries_present	tree-leaves_present-false	tree-berries_color-purple	target	22949	clickedObj	4866515440781566055
29	fish_white_bodies_orange_stripes_or_fangs	development	2061-50585fd8-7833-49c9-85f7-24a2bd43d8e4	1554307462257	listener	fish-stripes_color-orange	fish-body_color-white	fish-whiskers_present-true	target	65038	clickedObj	-4768061976695243443
0	birds_orange_tails_or_white_wings_orange_crests	development	4104-1e9bca7e-f62d-4a5a-a8b5-81e592e25075	1554312890868	speaker	bird-bird_wing_color-white	bird-bird_wing_color-white	bird-crest_present-true	target	36438	clickedObj	5604867373430451672
1	flowers_purple_stems_white_petals_or_orange_centers	development	4104-1e9bca7e-f62d-4a5a-a8b5-81e592e25075	1554312921332	speaker	flower-center_color-orange	flower-center_color-white	flower-center_color-orange	target	27153	clickedObj	-184370823366189447
2	birds_orange_tails_or_white_wings_orange_crests	development	4104-1e9bca7e-f62d-4a5a-a8b5-81e592e25075	1554312956940	speaker	bird-crest_present	bird-crest_tail_color-purple	bird-bird_wing_color-white	target	32517	clickedObj	-4757745147098436073
4	flowers_purple_petals_or_thorns	development	4104-1e9bca7e-f62d-4a5a-a8b5-81e592e25075	1554313027435	speaker	flower-petals_color-purple	flower-petals_color-purple	flower-stem_color-orange	target	34167	clickedObj	8717319071406669595
6	bugs_purple_legs_white_heads_or_orange_wings	development	4104-1e9bca7e-f62d-4a5a-a8b5-81e592e25075	1554313095572	speaker	bug-bug_wings_color-orange	bug-head_color-white	bug-antennae_present-false	target	41554	clickedObj	-4114481141329450063
7	flowers_purple_stems_or_thorns_white_centers	development	4104-1e9bca7e-f62d-4a5a-a8b5-81e592e25075	1554313140197	speaker	flower-center_color-white	flower-petals_color-white	flower-petals_color-orange	target	41534	clickedObj	7026867491478321688
8	trees_orange_trunks_or_berries_white_leaves	development	4104-1e9bca7e-f62d-4a5a-a8b5-81e592e25075	1554313160544	speaker	tree-trunk_color-orange	tree-berries_color-purple	tree-berries_color-orange	target	17242	clickedObj	886420070977104212
9	trees_orange_berries_purple_trunks_or_white_leaves	development	4104-1e9bca7e-f62d-4a5a-a8b5-81e592e25075	1554313192207	speaker	tree-berries_color-orange	tree-berries_present-false	tree-leaves_color-purple	target	28567	clickedObj	-509039260624457430
11	bugs_purple_legs_white_heads	development	4104-1e9bca7e-f62d-4a5a-a8b5-81e592e25075	1554313255846	speaker	bug-legs_color-purple	bug-antennae_present-false	bug-legs_color-white	target	33617	clickedObj	6826810585822527315
12	fish_orange_bodies_purple_stripes_or_whiskers	development	4104-1e9bca7e-f62d-4a5a-a8b5-81e592e25075	1554313280645	speaker	fish-stripes_color-purple	fish-body_color-orange	fish-whiskers_present-true	target	21704	clickedObj	-5768806900536701642
13	bugs_orange_antennae_or_wings	development	4104-1e9bca7e-f62d-4a5a-a8b5-81e592e25075	1554313300396	speaker	bug-antennae_color-orange	bug-bug_wings_color-orange	bug-bug_wings_color-purple	target	16661	clickedObj	-3235382560545705284
14	flowers_orange_stems	development	4104-1e9bca7e-f62d-4a5a-a8b5-81e592e25075	1554313317781	speaker	flower-stem_color-orange	flower-stem_color-orange	flower-stem_color-purple	target	14286	clickedObj	3322526139202478986
15	bugs_wings_antennae	development	4104-1e9bca7e-f62d-4a5a-a8b5-81e592e25075	1554313336267	speaker	bug-antennae_present	bug-legs_color-purple	bug-legs_color-white	target	15391	clickedObj	-4297214620632442309
17	fish_white_stripes_or_purple_bodies_whiskers	development	4104-1e9bca7e-f62d-4a5a-a8b5-81e592e25075	1554313402594	speaker	fish-body_color-purple	fish-stripes_color-white	fish-stripes_color-purple	target	19960	clickedObj	5065709117513478991
18	fish_orange_bodies_or_fangs_whiskers	development	4104-1e9bca7e-f62d-4a5a-a8b5-81e592e25075	1554313428846	speaker	fish-body_color-orange	fish-stripes_present-false	fish-stripes_color-purple	target	23163	clickedObj	-3467457491718805796
19	birds_orange_tails_or_white_wings_orange_crests	development	4104-1e9bca7e-f62d-4a5a-a8b5-81e592e25075	1554313476837	speaker	bird-crest_tail_color-orange	bird-crest_tail_color-white	bird-bird_wing_color-purple	target	44904	clickedObj	-773643620789725819
20	trees_purple_berries_or_white_trunks	development	4104-1e9bca7e-f62d-4a5a-a8b5-81e592e25075	1554313503136	speaker	tree-trunk_color-white	tree-trunk_color-orange	tree-berries_color-purple	target	23209	clickedObj	-4105012233890436950
21	birds_white_crests_or_orange_wings_tails	development	4104-1e9bca7e-f62d-4a5a-a8b5-81e592e25075	1554313536249	speaker	bird-crest_tail_color-white	bird-crest_tail_color-orange	bird-crest_present-true	target	30023	clickedObj	-961324866837346016
22	bugs_without_wings	development	4104-1e9bca7e-f62d-4a5a-a8b5-81e592e25075	1554313569660	speaker	bug-wings_present	bug-legs_color-white	bug-bug_wings_color-orange	target	30318	clickedObj	8553577891241356967
24	flowers_purple_stems_thorns	development	4104-1e9bca7e-f62d-4a5a-a8b5-81e592e25075	1554313621841	speaker	flower-stem_color-purple	flower-thorns_present-false	flower-stem_color-purple	target	32812	clickedObj	3629634730045665769
25	trees_purple_berries	development	4104-1e9bca7e-f62d-4a5a-a8b5-81e592e25075	1554313652352	speaker	tree-berries_color-purple	tree-berries_color-purple	tree-trunk_color-white	target	27420	clickedObj	-6381523483990321795
26	fish_white_bodies_orange_stripes_or_fangs	development	4104-1e9bca7e-f62d-4a5a-a8b5-81e592e25075	1554313671783	speaker	fish-stripes_color-orange	fish-stripes_color-orange	fish-body_color-orange	target	16340	clickedObj	1283830714956412289
27	birds_purple_tails	development	4104-1e9bca7e-f62d-4a5a-a8b5-81e592e25075	1554313697215	speaker	bird-crest_tail_color-purple	bird-crest_tail_color-purple	bird-tail_present-true	target	22317	clickedObj	-4016870160372283479
29	fish_orange_bodies_or_fangs_whiskers	development	4104-1e9bca7e-f62d-4a5a-a8b5-81e592e25075	1554313755616	speaker	fish-whiskers_present	fish-body_color-purple	fish-stripes_present-false	target	28971	clickedObj	6463744690243211141
30	trees_orange_trunks_or_berries_white_leaves	development	4104-1e9bca7e-f62d-4a5a-a8b5-81e592e25075	1554313776811	speaker	tree-berries_present	tree-berries_color-purple	tree-berries_color-orange	target	18102	clickedObj	373072119808101202
31	birds_purple_wings_crests	development	4104-1e9bca7e-f62d-4a5a-a8b5-81e592e25075	1554313807714	speaker	bird-bird_wing_color-purple	bird-crest_tail_color-orange	bird-bird_wing_color-white	target	27813	clickedObj	-6981330390477568514
32	bugs_antennae_or_wings_purple_bodies	development	4104-1e9bca7e-f62d-4a5a-a8b5-81e592e25075	1554313848348	speaker	bug-body_color-purple	bug-legs_color-white	bug-wings_present-false	target	37543	clickedObj	1980239775503973000
33	fish_white_bodies_orange_stripes_or_fangs	development	4104-1e9bca7e-f62d-4a5a-a8b5-81e592e25075	1554313892194	speaker	fish-body_color-white	fish-stripes_color-orange	fish-body_color-orange	target	40756	clickedObj	7907138656063481308
34	trees_orange_berries_purple_trunks_or_white_leaves	development	4104-1e9bca7e-f62d-4a5a-a8b5-81e592e25075	1554313917708	speaker	tree-trunk_color-purple	tree-berries_present-true	tree-leaves_present-true	target	22204	clickedObj	6958943986341356595
36	bugs_purple_legs_white_heads	development	4104-1e9bca7e-f62d-4a5a-a8b5-81e592e25075	1554314000484	speaker	bug-head_color-white	bug-head_color-orange	bug-legs_color-white	target	33369	clickedObj	-6218020842370575761
37	bugs_white_legs_purple_wings_or_orange_antennae	development	4104-1e9bca7e-f62d-4a5a-a8b5-81e592e25075	1554314053601	speaker	bug-bug_wings_color-purple	bug-legs_color-white	bug-antennae_present-false	target	50027	clickedObj	8045345270940533366
38	trees_purple_leaves_berries	development	4104-1e9bca7e-f62d-4a5a-a8b5-81e592e25075	1554314103688	speaker	tree-leaves_color-purple	tree-trunk_color-purple	tree-leaves_color-purple	target	46998	clickedObj	-6316600122141205879
40	flowers_orange_petals_purple_centers	development	4104-1e9bca7e-f62d-4a5a-a8b5-81e592e25075	1554314188470	speaker	flower-petals_color-orange	flower-center_color-white	flower-petals_color-orange	target	29340	clickedObj	344342580050405208
41	flowers_purple_centers_or_orange_stems_with_thorns	development	4104-1e9bca7e-f62d-4a5a-a8b5-81e592e25075	1554314233132	speaker	flower-center_color-purple	flower-petals_color-white	flower-stem_color-purple	target	41563	clickedObj	-326328247419194099
42	trees_orange_trunks_or_berries_white_leaves	development	4104-1e9bca7e-f62d-4a5a-a8b5-81e592e25075	1554314261464	speaker	tree-leaves_color-white	tree-leaves_present-false	tree-berries_color-purple	target	25242	clickedObj	-6471112345785682649
44	bugs_orange_head	development	4104-1e9bca7e-f62d-4a5a-a8b5-81e592e25075	1554314307516	speaker	bug-head_color-orange	bug-bug_wings_color-orange	bug-wings_present-true	target	13288	clickedObj	-8164450317590656876
3	bugs_wings_antennae	development	4491-b16d9463-8187-4859-a5c4-1aca721fab72	1554305545528	speaker	bug-antennae_present	bug-body_color-purple	bug-antennae_present-false	target	14357	clickedObj	3934119969998610032
4	trees_white_leaves_or_orange_berries	development	4491-b16d9463-8187-4859-a5c4-1aca721fab72	1554305571180	speaker	tree-leaves_color-white	tree-berries_present-false	tree-leaves_present-true	target	22518	clickedObj	5973457267003843494
5	fish_whiskers	development	4491-b16d9463-8187-4859-a5c4-1aca721fab72	1554305582805	speaker	fish-whiskers_present	fish-stripes_color-purple	fish-body_color-orange	target	8536	clickedObj	1560189423494002920
6	trees_purple_leaves_berries	development	4491-b16d9463-8187-4859-a5c4-1aca721fab72	1554305597073	speaker	tree-leaves_color-purple	tree-leaves_color-purple	tree-trunk_color-orange	target	11174	clickedObj	2566569000423353099
7	trees_without_leaves	development	4491-b16d9463-8187-4859-a5c4-1aca721fab72	1554305617249	speaker	tree-leaves_present	tree-leaves_present-false	tree-berries_color-purple	target	17088	clickedObj	8908162944382368130
9	flowers_purple_centers_or_orange_stems_with_thorns	development	4491-b16d9463-8187-4859-a5c4-1aca721fab72	1554305652919	speaker	flower-center_color-purple	flower-stem_color-orange	flower-stem_color-purple	target	12355	clickedObj	-1645679118872463788
10	birds_purple_tails	development	4491-b16d9463-8187-4859-a5c4-1aca721fab72	1554305692392	speaker	bird-crest_tail_color-purple	bird-bird_wing_color-orange	bird-crest_tail_color-purple	target	36355	clickedObj	1775133906999829047
11	flowers_purple_stems_white_petals_or_orange_centers	development	4491-b16d9463-8187-4859-a5c4-1aca721fab72	1554305723163	speaker	flower-petals_color-white	flower-center_color-white	flower-stem_color-purple	target	27650	clickedObj	6900372416283657932
12	flowers_purple_stems_white_petals_or_orange_centers	development	4491-b16d9463-8187-4859-a5c4-1aca721fab72	1554305734111	speaker	flower-center_color-orange	flower-petals_color-orange	flower-petals_color-purple	target	7818	clickedObj	2258005837993152138
0	bugs_without_wings	development	3294-239e56ee-9290-478d-95de-667898aad219	1554321643793	listener	bug-wings_present	bug-antennae_color-orange	bug-antennae_present-false	target	66266	clickedObj	8336615896238181534
1	fish_orange_bodies_or_fangs_whiskers	development	3294-239e56ee-9290-478d-95de-667898aad219	1554321661739	listener	fish-whiskers_present	fish-stripes_present-true	fish-body_color-purple	target	14895	clickedObj	4392533152431328544
2	birds_white_crests_or_orange_wings_tails	development	3294-239e56ee-9290-478d-95de-667898aad219	1554321696151	listener	bird-crest_present	bird-crest_tail_color-orange	bird-crest_present-false	target	31343	clickedObj	-4228514540652510435
3	birds_purple_tails	development	3294-239e56ee-9290-478d-95de-667898aad219	1554321714665	listener	bird-crest_tail_color-purple	bird-bird_wing_color-orange	bird-crest_tail_color-white	target	15458	clickedObj	-8684689358812486879
4	flowers_thorns	development	3294-239e56ee-9290-478d-95de-667898aad219	1554321740538	listener	flower-thorns_present	flower-center_color-white	flower-stem_color-purple	target	22819	clickedObj	6089353334668156505
6	bugs_purple_legs_white_heads_or_orange_wings	development	3294-239e56ee-9290-478d-95de-667898aad219	1554321801745	listener	bug-bug_wings_color-orange	bug-wings_present-false	bug-head_color-white	target	12610	clickedObj	-3813915489821205284
8	birds_orange_tails_or_white_wings	development	3294-239e56ee-9290-478d-95de-667898aad219	1554321838309	listener	bird-bird_wing_color-white	bird-crest_present-true	bird-crest_tail_color-purple	target	18827	clickedObj	1816301644070956358
10	fish_orange_bodies_purple_stripes	development	3294-239e56ee-9290-478d-95de-667898aad219	1554321876617	listener	fish-stripes_color-purple	fish-stripes_color-white	fish-body_color-purple	target	8639	clickedObj	-3036464468880772620
12	flowers_purple_stems_thorns	development	3294-239e56ee-9290-478d-95de-667898aad219	1554321914645	listener	flower-stem_color-purple	flower-petals_color-white	flower-center_color-orange	target	23712	clickedObj	1141150160074895191
13	bugs_white_legs_purple_wings_or_orange_antennae	development	3294-239e56ee-9290-478d-95de-667898aad219	1554321930625	listener	bug-legs_color-white	bug-head_color-white	bug-bug_wings_color-orange	target	12924	clickedObj	-7070849289874982356
15	flowers_purple_stems_white_petals_or_orange_centers	development	3294-239e56ee-9290-478d-95de-667898aad219	1554321964405	listener	flower-petals_color-white	flower-center_color-white	flower-center_color-orange	target	17561	clickedObj	6417317642963685385
16	flowers_purple_stems_white_petals_or_orange_centers	development	3294-239e56ee-9290-478d-95de-667898aad219	1554321981439	listener	flower-center_color-orange	flower-petals_color-white	flower-center_color-purple	target	13986	clickedObj	827553717144481490
17	trees_white_leaves_or_orange_berries	development	3294-239e56ee-9290-478d-95de-667898aad219	1554321995889	listener	tree-leaves_color-white	tree-berries_color-purple	tree-leaves_color-purple	target	11397	clickedObj	-71971191364014704
18	flowers_orange_petals_purple_centers	development	3294-239e56ee-9290-478d-95de-667898aad219	1554322012677	listener	flower-petals_color-orange	flower-stem_color-orange	flower-center_color-purple	target	13736	clickedObj	-813319584692210523
20	bugs_orange_head	development	3294-239e56ee-9290-478d-95de-667898aad219	1554322036057	listener	bug-head_color-orange	bug-antennae_present-true	bug-head_color-orange	target	10335	clickedObj	2830670298413094009
21	trees_orange_berries_purple_trunks_or_white_leaves	development	3294-239e56ee-9290-478d-95de-667898aad219	1554322060300	listener	tree-trunk_color-purple	tree-trunk_color-purple	tree-berries_color-orange	target	21185	clickedObj	4521208586859154982
22	bugs_white_legs_purple_wings_or_orange_antennae	development	3294-239e56ee-9290-478d-95de-667898aad219	1554322079453	listener	bug-bug_wings_color-purple	bug-head_color-white	bug-antennae_color-orange	target	16092	clickedObj	-5658455424181806491
23	trees_purple_leaves_berries	development	3294-239e56ee-9290-478d-95de-667898aad219	1554322102545	listener	tree-leaves_color-purple	tree-berries_color-purple	tree-leaves_color-purple	target	20038	clickedObj	-7679864874022119779
24	flowers_purple_petals_or_thorns	development	3294-239e56ee-9290-478d-95de-667898aad219	1554322116897	listener	flower-petals_color-purple	flower-center_color-white	flower-center_color-orange	target	11268	clickedObj	-2340564578563222807
25	birds_white_crests_or_orange_wings_tails	development	3294-239e56ee-9290-478d-95de-667898aad219	1554322141947	listener	bird-crest_tail_color-white	bird-crest_tail_color-purple	bird-crest_tail_color-orange	target	21996	clickedObj	-9005105910402848759
26	trees_white_leaves_or_orange_berries	development	3294-239e56ee-9290-478d-95de-667898aad219	1554322160903	listener	tree-berries_color-orange	tree-berries_color-purple	tree-leaves_color-purple	target	15897	clickedObj	1206460758743919785
28	birds_tails	development	3294-239e56ee-9290-478d-95de-667898aad219	1554322192411	listener	bird-tail_present	bird-crest_present-true	bird-tail_present-true	target	16557	clickedObj	2319817097992852513
29	trees_orange_trunks_or_berries_white_leaves	development	3294-239e56ee-9290-478d-95de-667898aad219	1554322204441	listener	tree-berries_present	tree-leaves_present-false	tree-berries_color-orange	target	8966	clickedObj	-2998410502297794656
30	flowers_orange_stems	development	3294-239e56ee-9290-478d-95de-667898aad219	1554322240555	listener	flower-stem_color-orange	flower-center_color-purple	flower-thorns_present-true	distr1	33055	clickedObj	-419333231414792497
32	trees_without_leaves	development	3294-239e56ee-9290-478d-95de-667898aad219	1554322307907	listener	tree-leaves_present	tree-leaves_color-purple	tree-trunk_color-purple	target	43799	clickedObj	-5050307186408081571
33	fish_white_stripes_or_purple_bodies_whiskers	development	3294-239e56ee-9290-478d-95de-667898aad219	1554322324471	listener	fish-body_color-purple	fish-stripes_color-orange	fish-stripes_present-true	target	13490	clickedObj	2587164775056748610
34	fish_white_stripes_or_whiskers	development	3294-239e56ee-9290-478d-95de-667898aad219	1554322341929	listener	fish-stripes_color-white	fish-body_color-purple	fish-stripes_present-true	target	14380	clickedObj	-267721185179299276
35	bugs_orange_antennae_or_wings	development	3294-239e56ee-9290-478d-95de-667898aad219	1554322357209	listener	bug-antennae_color-orange	bug-head_color-orange	bug-legs_color-white	target	12170	clickedObj	6944343176191966445
36	fish_orange_bodies_or_fangs_whiskers	development	3294-239e56ee-9290-478d-95de-667898aad219	1554322391875	listener	fish-body_color-orange	fish-body_color-orange	fish-stripes_color-white	target	31601	clickedObj	6508805994062603305
37	fish_orange_bodies_or_fangs_whiskers	development	3294-239e56ee-9290-478d-95de-667898aad219	1554322422118	listener	fish-fangs_present	fish-stripes_color-white	fish-body_color-purple	target	27191	clickedObj	7252199767004289955
38	trees_purple_berries_or_white_trunks	development	3294-239e56ee-9290-478d-95de-667898aad219	1554322468143	listener	tree-trunk_color-white	tree-trunk_color-orange	tree-trunk_color-white	target	42939	clickedObj	5931177454089286241
39	flowers_purple_centers_or_orange_stems_with_thorns	development	3294-239e56ee-9290-478d-95de-667898aad219	1554322480899	listener	flower-center_color-purple	flower-stem_color-purple	flower-petals_color-white	target	9709	clickedObj	2064337094834220786
41	bugs_antennae_or_wings_purple_bodies	development	3294-239e56ee-9290-478d-95de-667898aad219	1554322533021	listener	bug-body_color-purple	bug-antennae_color-orange	bug-head_color-orange	target	22381	clickedObj	9141489664300209140
42	trees_orange_trunks_or_berries_white_leaves	development	3294-239e56ee-9290-478d-95de-667898aad219	1554322546845	listener	tree-trunk_color-orange	tree-berries_present-false	tree-berries_color-orange	target	10763	clickedObj	-4363992700080628056
43	birds_orange_crests_or_purple_wings	development	3294-239e56ee-9290-478d-95de-667898aad219	1554322557517	listener	bird-crest_tail_color-orange	bird-crest_tail_color-purple	bird-crest_tail_color-orange	target	7612	clickedObj	3031743430270719955
44	bugs_purple_legs_white_heads	development	3294-239e56ee-9290-478d-95de-667898aad219	1554322584169	listener	bug-head_color-white	bug-legs_color-purple	bug-wings_present-false	target	23549	clickedObj	-331254325037868772
1	fish_fangs	development	0125-d9f8cebc-61ad-45c6-abf2-a74bf7258b09	1554304486575	listener	fish-fangs_present	fish-whiskers_present-true	fish-stripes_color-orange	target	31026	clickedObj	-840778646001567094
2	flowers_thorns	development	0125-d9f8cebc-61ad-45c6-abf2-a74bf7258b09	1554304540689	listener	flower-thorns_present	flower-center_color-white	flower-stem_color-orange	target	51031	clickedObj	-7493758895737104612
3	flowers_purple_stems_white_petals_or_orange_centers	development	0125-d9f8cebc-61ad-45c6-abf2-a74bf7258b09	1554304581799	listener	flower-center_color-orange	flower-petals_color-white	flower-center_color-purple	target	38015	clickedObj	4419407212577711263
4	bugs_purple_wings_or_white_legs	development	0125-d9f8cebc-61ad-45c6-abf2-a74bf7258b09	1554304624712	listener	bug-bug_wings_color-purple	bug-head_color-orange	bug-legs_color-purple	target	39820	clickedObj	4057930673696438954
5	fish_orange_bodies_purple_stripes	development	0125-d9f8cebc-61ad-45c6-abf2-a74bf7258b09	1554304663851	listener	fish-stripes_color-purple	fish-body_color-purple	fish-stripes_present-true	target	36056	clickedObj	7524388342040162464
7	trees_orange_trunks_berries	development	0125-d9f8cebc-61ad-45c6-abf2-a74bf7258b09	1554304708611	listener	tree-trunk_color-orange	tree-leaves_color-white	tree-leaves_color-purple	target	14252	clickedObj	1705320422438124643
8	fish_orange_bodies_purple_stripes	development	0125-d9f8cebc-61ad-45c6-abf2-a74bf7258b09	1554304733758	listener	fish-body_color-orange	fish-body_color-purple	fish-stripes_color-orange	target	22062	clickedObj	3018018529634409595
9	flowers_purple_stems_thorns	development	0125-d9f8cebc-61ad-45c6-abf2-a74bf7258b09	1554304776363	listener	flower-stem_color-purple	flower-center_color-white	flower-petals_color-white	target	39517	clickedObj	4556777419468602843
10	flowers_purple_petals_or_thorns	development	0125-d9f8cebc-61ad-45c6-abf2-a74bf7258b09	1554304811897	listener	flower-petals_color-purple	flower-petals_color-purple	flower-center_color-purple	target	32451	clickedObj	4095028881345340010
11	flowers_purple_stems_or_thorns_white_centers	development	0125-d9f8cebc-61ad-45c6-abf2-a74bf7258b09	1554304855516	listener	flower-center_color-white	flower-petals_color-orange	flower-thorns_present-false	target	40538	clickedObj	5975255053871160249
12	trees_orange_berries_purple_trunks_or_white_leaves	development	0125-d9f8cebc-61ad-45c6-abf2-a74bf7258b09	1554304883646	listener	tree-trunk_color-purple	tree-berries_color-purple	tree-leaves_present-true	target	25051	clickedObj	-5475072876253120191
15	trees_white_leaves_or_orange_berries	development	0125-d9f8cebc-61ad-45c6-abf2-a74bf7258b09	1554304947715	listener	tree-leaves_color-white	tree-trunk_color-white	tree-trunk_color-purple	target	20358	clickedObj	1575850557097046011
16	bugs_antennae_or_wings_purple_bodies	development	0125-d9f8cebc-61ad-45c6-abf2-a74bf7258b09	1554304979616	listener	bug-body_color-purple	bug-wings_present-false	bug-legs_color-purple	target	28814	clickedObj	3321095637218089865
17	flowers_orange_stems	development	0125-d9f8cebc-61ad-45c6-abf2-a74bf7258b09	1554305008899	listener	flower-stem_color-orange	flower-petals_color-orange	flower-center_color-purple	target	26203	clickedObj	5691258192326113019
18	flowers_orange_petals_purple_centers	development	0125-d9f8cebc-61ad-45c6-abf2-a74bf7258b09	1554305039216	listener	flower-petals_color-orange	flower-petals_color-orange	flower-center_color-purple	target	27235	clickedObj	-664992117890230532
19	fish_white_stripes_whiskers	development	0125-d9f8cebc-61ad-45c6-abf2-a74bf7258b09	1554305071343	listener	fish-stripes_color-white	fish-stripes_color-purple	fish-stripes_color-orange	target	29041	clickedObj	3432863912464243848
21	birds_orange_tails_or_white_wings	development	0125-d9f8cebc-61ad-45c6-abf2-a74bf7258b09	1554305218780	listener	bird-bird_wing_color-white	bird-crest_tail_color-white	bird-bird_wing_color-purple	target	63710	clickedObj	4615983428062962316
22	birds_purple_wings_crests	development	0125-d9f8cebc-61ad-45c6-abf2-a74bf7258b09	1554305239820	listener	bird-bird_wing_color-purple	bird-tail_present-true	bird-crest_tail_color-white	target	17953	clickedObj	-3553748775210001044
23	birds_orange_wings_tails	development	0125-d9f8cebc-61ad-45c6-abf2-a74bf7258b09	1554305263856	listener	bird-bird_wing_color-orange	bird-bird_wing_color-orange	bird-crest_tail_color-purple	target	20957	clickedObj	-7595220966598260369
24	bugs_without_wings	development	0125-d9f8cebc-61ad-45c6-abf2-a74bf7258b09	1554305304452	listener	bug-wings_present	bug-head_color-orange	bug-antennae_color-orange	target	37507	clickedObj	-9172689147116042889
25	birds_purple_wings_crests	development	0125-d9f8cebc-61ad-45c6-abf2-a74bf7258b09	1554305326005	listener	bird-crest_present	bird-crest_tail_color-purple	bird-crest_tail_color-white	target	18470	clickedObj	-2693647892084540696
27	trees_purple_berries_or_white_trunks	development	0125-d9f8cebc-61ad-45c6-abf2-a74bf7258b09	1554305394593	listener	tree-trunk_color-white	tree-trunk_color-orange	tree-berries_present-false	target	31806	clickedObj	6409394920111671925
28	trees_purple_leaves_berries	development	0125-d9f8cebc-61ad-45c6-abf2-a74bf7258b09	1554305423570	listener	tree-leaves_color-purple	tree-leaves_present-true	tree-trunk_color-orange	target	25896	clickedObj	-8101020843163220130
29	trees_white_leaves_or_orange_berries	development	0125-d9f8cebc-61ad-45c6-abf2-a74bf7258b09	1554305456042	listener	tree-berries_color-orange	tree-trunk_color-white	tree-leaves_color-purple	target	29394	clickedObj	-7882764559386766363
30	fish_orange_bodies_purple_stripes	development	0125-d9f8cebc-61ad-45c6-abf2-a74bf7258b09	1554305486881	listener	fish-stripes_present	fish-stripes_color-white	fish-whiskers_present-false	target	27757	clickedObj	2725497595147799239
31	bugs_wings_antennae	development	0125-d9f8cebc-61ad-45c6-abf2-a74bf7258b09	1554305534201	listener	bug-antennae_present	bug-antennae_present-true	bug-body_color-purple	target	44240	clickedObj	2020042684502194082
33	birds_tails	development	0125-d9f8cebc-61ad-45c6-abf2-a74bf7258b09	1554305603568	listener	bird-tail_present	bird-crest_tail_color-white	bird-crest_tail_color-orange	target	36579	clickedObj	5780902413084873655
34	fish_whiskers	development	0125-d9f8cebc-61ad-45c6-abf2-a74bf7258b09	1554305649500	listener	fish-whiskers_present	fish-fangs_present-false	fish-stripes_color-orange	target	42846	clickedObj	-6559940206926962771
35	trees_purple_berries	development	0125-d9f8cebc-61ad-45c6-abf2-a74bf7258b09	1554305680210	listener	tree-berries_color-purple	tree-trunk_color-white	tree-berries_color-orange	target	27628	clickedObj	5005560838801206570
37	trees_purple_berries	development	0125-d9f8cebc-61ad-45c6-abf2-a74bf7258b09	1554305753617	listener	tree-berries_present	tree-leaves_color-purple	tree-berries_color-orange	target	21252	clickedObj	-8448634837873417874
38	flowers_purple_stems_white_petals_or_orange_centers	development	0125-d9f8cebc-61ad-45c6-abf2-a74bf7258b09	1554305789329	listener	flower-petals_color-white	flower-thorns_present-true	flower-center_color-purple	target	32631	clickedObj	4752825048032981741
40	bugs_purple_wings_or_white_legs	development	0125-d9f8cebc-61ad-45c6-abf2-a74bf7258b09	1554305880672	listener	bug-legs_color-white	bug-body_color-purple	bug-wings_present-false	target	40493	clickedObj	-1451028155520551087
41	birds_purple_wings_white_crests_or_white_tails	development	0125-d9f8cebc-61ad-45c6-abf2-a74bf7258b09	1554305907307	listener	bird-crest_tail_color-white	bird-crest_tail_color-orange	bird-bird_wing_color-purple	target	23551	clickedObj	50224317969613498
42	birds_orange_tails_or_white_wings	development	0125-d9f8cebc-61ad-45c6-abf2-a74bf7258b09	1554305941482	listener	bird-crest_tail_color-orange	bird-bird_wing_color-purple	bird-crest_tail_color-purple	target	31089	clickedObj	-7163846426283309179
43	fish_white_bodies_orange_stripes_or_fangs	development	0125-d9f8cebc-61ad-45c6-abf2-a74bf7258b09	1554306001985	listener	fish-body_color-white	fish-stripes_color-purple	fish-fangs_present-true	target	57418	clickedObj	5242415187973798497
44	fish_white_stripes_or_purple_bodies_whiskers	development	0125-d9f8cebc-61ad-45c6-abf2-a74bf7258b09	1554306053224	listener	fish-body_color-purple	fish-fangs_present-false	fish-body_color-purple	target	48149	clickedObj	-1852662148387358467
1	fish_white_bodies_orange_stripes_or_fangs	development	5475-2892f2d6-fc22-4e45-beee-cddfed25d40b	1554321008546	listener	fish-stripes_color-orange	fish-stripes_color-purple	fish-stripes_color-orange	target	19827	clickedObj	-8703838065427925038
2	flowers_orange_petals_purple_centers	development	5475-2892f2d6-fc22-4e45-beee-cddfed25d40b	1554321038321	listener	flower-petals_color-orange	flower-stem_color-purple	flower-center_color-white	target	26652	clickedObj	3418727201285653551
3	birds_tails	development	5475-2892f2d6-fc22-4e45-beee-cddfed25d40b	1554321058245	listener	bird-tail_present	bird-crest_tail_color-orange	bird-crest_tail_color-white	target	16786	clickedObj	2881949299159029675
4	fish_white_bodies_orange_stripes_or_fangs	development	5475-2892f2d6-fc22-4e45-beee-cddfed25d40b	1554321080272	listener	fish-body_color-white	fish-body_color-orange	fish-stripes_color-purple	target	18909	clickedObj	-2595466527821689428
5	fish_whiskers	development	5475-2892f2d6-fc22-4e45-beee-cddfed25d40b	1554321102778	listener	fish-whiskers_present	fish-stripes_color-purple	fish-fangs_present-true	target	19383	clickedObj	1278909539265760084
6	trees_without_leaves	development	5475-2892f2d6-fc22-4e45-beee-cddfed25d40b	1554321125183	listener	tree-leaves_present	tree-berries_color-orange	tree-trunk_color-white	target	19288	clickedObj	2845870691181468099
8	flowers_orange_stems	development	5475-2892f2d6-fc22-4e45-beee-cddfed25d40b	1554321178730	listener	flower-stem_color-orange	flower-center_color-orange	flower-petals_color-purple	target	28728	clickedObj	-3679592575208833402
9	flowers_thorns_purple_petals_or_orange_stems	development	5475-2892f2d6-fc22-4e45-beee-cddfed25d40b	1554321205062	listener	flower-petals_color-purple	flower-center_color-purple	flower-petals_color-white	target	23213	clickedObj	-8794779879575967676
10	bugs_purple_legs_white_heads_or_orange_wings	development	5475-2892f2d6-fc22-4e45-beee-cddfed25d40b	1554321219126	listener	bug-bug_wings_color-orange	bug-wings_present-false	bug-bug_wings_color-purple	target	10950	clickedObj	-1015890636222695090
11	bugs_white_heads_or_orange_antennae_purple_legs	development	5475-2892f2d6-fc22-4e45-beee-cddfed25d40b	1554321246540	listener	bug-head_color-white	bug-legs_color-purple	bug-antennae_color-orange	target	24294	clickedObj	-8333175381904238803
12	trees_purple_berries	development	5475-2892f2d6-fc22-4e45-beee-cddfed25d40b	1554321263932	listener	tree-berries_color-purple	tree-leaves_color-white	tree-trunk_color-white	target	14274	clickedObj	3772831404370088565
13	bugs_orange_head	development	5475-2892f2d6-fc22-4e45-beee-cddfed25d40b	1554321286782	listener	bug-head_color-orange	bug-bug_wings_color-purple	bug-legs_color-white	target	19708	clickedObj	-5356033568169653397
14	birds_purple_wings_crests	development	5475-2892f2d6-fc22-4e45-beee-cddfed25d40b	1554321304342	listener	bird-bird_wing_color-purple	bird-crest_tail_color-purple	bird-crest_tail_color-white	target	14441	clickedObj	6587143135926861091
15	trees_purple_berries_or_white_trunks	development	5475-2892f2d6-fc22-4e45-beee-cddfed25d40b	1554321327720	listener	tree-trunk_color-white	tree-leaves_color-white	tree-berries_present-true	target	20261	clickedObj	8366903312675437530
17	bugs_orange_antennae_or_wings	development	5475-2892f2d6-fc22-4e45-beee-cddfed25d40b	1554321362938	listener	bug-antennae_color-orange	bug-bug_wings_color-purple	bug-legs_color-white	target	14092	clickedObj	-2314106332760510987
18	flowers_purple_stems_white_petals_or_orange_centers	development	5475-2892f2d6-fc22-4e45-beee-cddfed25d40b	1554321379533	listener	flower-center_color-orange	flower-stem_color-purple	flower-center_color-orange	target	13475	clickedObj	2463680063242406088
19	fish_white_stripes_or_purple_bodies_whiskers	development	5475-2892f2d6-fc22-4e45-beee-cddfed25d40b	1554321392800	listener	fish-body_color-purple	fish-body_color-orange	fish-fangs_present-true	target	10144	clickedObj	-4573639424236026865
20	flowers_purple_stems_or_thorns_white_centers	development	5475-2892f2d6-fc22-4e45-beee-cddfed25d40b	1554321414805	listener	flower-center_color-white	flower-center_color-orange	flower-stem_color-orange	target	18882	clickedObj	-757172679811920070
22	birds_purple_wings_crests	development	5475-2892f2d6-fc22-4e45-beee-cddfed25d40b	1554321460185	listener	bird-crest_present	bird-bird_wing_color-orange	bird-bird_wing_color-white	target	8638	clickedObj	4392136858646131395
23	flowers_purple_stems_white_petals_or_orange_centers	development	5475-2892f2d6-fc22-4e45-beee-cddfed25d40b	1554321476266	listener	flower-petals_color-white	flower-center_color-purple	flower-stem_color-purple	target	12956	clickedObj	8419871019123144067
24	birds_orange_wings_tails	development	5475-2892f2d6-fc22-4e45-beee-cddfed25d40b	1554321507931	listener	bird-bird_wing_color-orange	bird-tail_present-false	bird-crest_present-false	target	28547	clickedObj	8485631873730277030
25	fish_orange_bodies_or_fangs	development	5475-2892f2d6-fc22-4e45-beee-cddfed25d40b	1554321528271	listener	fish-body_color-orange	fish-stripes_present-false	fish-stripes_color-purple	target	17220	clickedObj	-6375382920651017615
26	birds_purple_tails	development	5475-2892f2d6-fc22-4e45-beee-cddfed25d40b	1554321543400	listener	bird-crest_tail_color-purple	bird-bird_wing_color-orange	bird-tail_present-false	target	11993	clickedObj	4219517242860346839
28	flowers_purple_stems_thorns	development	5475-2892f2d6-fc22-4e45-beee-cddfed25d40b	1554321578266	listener	flower-stem_color-purple	flower-center_color-white	flower-petals_color-purple	target	16474	clickedObj	6268013429462350945
29	trees_purple_trunks_or_white_leaves_orange_berries	development	5475-2892f2d6-fc22-4e45-beee-cddfed25d40b	1554321593719	listener	tree-leaves_color-white	tree-trunk_color-purple	tree-leaves_present-false	target	12346	clickedObj	6310117589008164961
30	trees_orange_trunks_berries	development	5475-2892f2d6-fc22-4e45-beee-cddfed25d40b	1554321607259	listener	tree-berries_present	tree-leaves_color-purple	tree-trunk_color-orange	target	10420	clickedObj	7622597728239060902
31	birds_orange_tails_or_white_wings_orange_crests	development	5475-2892f2d6-fc22-4e45-beee-cddfed25d40b	1554321619757	listener	bird-bird_wing_color-white	bird-crest_tail_color-white	bird-crest_present-false	target	9383	clickedObj	5521147365507065693
32	trees_purple_trunks_or_white_leaves_orange_berries	development	5475-2892f2d6-fc22-4e45-beee-cddfed25d40b	1554321630753	listener	tree-berries_color-orange	tree-leaves_present-true	tree-leaves_color-purple	target	7880	clickedObj	-4248730784607914382
33	flowers_purple_centers_or_orange_stems_with_thorns	development	5475-2892f2d6-fc22-4e45-beee-cddfed25d40b	1554321644100	listener	flower-center_color-purple	flower-stem_color-purple	flower-petals_color-purple	target	10230	clickedObj	-5337451993856989373
35	bugs_without_wings	development	5475-2892f2d6-fc22-4e45-beee-cddfed25d40b	1554321680481	listener	bug-wings_present	bug-legs_color-purple	bug-antennae_color-orange	target	14873	clickedObj	-5373463915544247396
36	fish_white_stripes_whiskers	development	5475-2892f2d6-fc22-4e45-beee-cddfed25d40b	1554321690583	listener	fish-stripes_color-white	fish-stripes_color-orange	fish-stripes_present-false	target	6985	clickedObj	4825682754891344730
37	fish_fangs	development	5475-2892f2d6-fc22-4e45-beee-cddfed25d40b	1554321703809	listener	fish-fangs_present	fish-stripes_color-white	fish-body_color-purple	target	10086	clickedObj	7623607040812790819
38	trees_orange_trunks_berries	development	5475-2892f2d6-fc22-4e45-beee-cddfed25d40b	1554321714570	listener	tree-trunk_color-orange	tree-leaves_present-false	tree-leaves_color-white	target	7646	clickedObj	-929996338162623479
39	bugs_antennae_or_wings_purple_bodies	development	5475-2892f2d6-fc22-4e45-beee-cddfed25d40b	1554321730202	listener	bug-body_color-purple	bug-antennae_present-true	bug-bug_wings_color-orange	target	12525	clickedObj	6227639276479804920
40	birds_orange_tails_or_white_wings_orange_crests	development	5475-2892f2d6-fc22-4e45-beee-cddfed25d40b	1554321746685	listener	bird-crest_tail_color-orange	bird-crest_tail_color-orange	bird-bird_wing_color-orange	target	13367	clickedObj	-7761115228081783011
41	trees_purple_trunks_or_white_leaves_orange_berries	development	5475-2892f2d6-fc22-4e45-beee-cddfed25d40b	1554321761956	listener	tree-trunk_color-purple	tree-leaves_present-true	tree-berries_present-false	target	12145	clickedObj	8078358930646974150
42	bugs_white_heads_or_orange_antennae_purple_legs	development	5475-2892f2d6-fc22-4e45-beee-cddfed25d40b	1554321779234	listener	bug-legs_color-purple	bug-antennae_present-true	bug-bug_wings_color-orange	target	14185	clickedObj	1908720258468249287
44	trees_purple_leaves_berries	development	5475-2892f2d6-fc22-4e45-beee-cddfed25d40b	1554321828344	listener	tree-leaves_color-purple	tree-trunk_color-purple	tree-trunk_color-white	target	21453	clickedObj	-2567056682755912206
0	bugs_purple_legs_white_heads_or_orange_wings	development	0146-9cbdad4a-90a0-4caf-a8b1-5c4378c1793f	1554318662169	listener	bug-bug_wings_color-orange	bug-body_color-purple	bug-bug_wings_color-orange	distr1	212249	clickedObj	-5374481149184179241
1	trees_purple_berries_or_white_trunks	development	0146-9cbdad4a-90a0-4caf-a8b1-5c4378c1793f	1554318739906	listener	tree-trunk_color-white	tree-berries_color-purple	tree-trunk_color-purple	target	74667	clickedObj	8062996241035246043
5	bugs_purple_wings_or_white_legs	development	0146-9cbdad4a-90a0-4caf-a8b1-5c4378c1793f	1554319440140	listener	bug-legs_color-white	bug-antennae_color-orange	bug-antennae_present-true	target	33160	clickedObj	6360025810072626821
6	fish_white_bodies_orange_stripes_or_fangs	development	0146-9cbdad4a-90a0-4caf-a8b1-5c4378c1793f	1554319467591	listener	fish-body_color-white	fish-body_color-orange	fish-stripes_present-false	target	24375	clickedObj	-3633652836462998083
7	birds_orange_crests_or_purple_wings	development	0146-9cbdad4a-90a0-4caf-a8b1-5c4378c1793f	1554319500655	listener	bird-crest_tail_color-orange	bird-tail_present-true	bird-crest_tail_color-white	target	29989	clickedObj	-7067347617880241756
8	fish_fangs	development	0146-9cbdad4a-90a0-4caf-a8b1-5c4378c1793f	1554319560001	listener	fish-fangs_present	fish-body_color-white	fish-fangs_present-true	target	56277	clickedObj	-4287049067590627059
9	trees_purple_leaves_berries	development	0146-9cbdad4a-90a0-4caf-a8b1-5c4378c1793f	1554319633901	listener	tree-leaves_color-purple	tree-trunk_color-white	tree-berries_color-orange	target	70835	clickedObj	6161609636987151819
10	fish_orange_bodies_or_fangs	development	0146-9cbdad4a-90a0-4caf-a8b1-5c4378c1793f	1554319719547	listener	fish-body_color-orange	fish-body_color-purple	fish-stripes_color-purple	target	82578	clickedObj	2059694782638494980
11	trees_white_leaves_or_orange_berries	development	0146-9cbdad4a-90a0-4caf-a8b1-5c4378c1793f	1554319778116	listener	tree-berries_color-orange	tree-trunk_color-white	tree-leaves_present-true	target	55502	clickedObj	-3208336438868026772
12	flowers_purple_stems_thorns	development	0146-9cbdad4a-90a0-4caf-a8b1-5c4378c1793f	1554319839584	listener	flower-stem_color-purple	flower-center_color-purple	flower-center_color-white	target	58393	clickedObj	-4297647939790685922
13	birds_tails	development	0146-9cbdad4a-90a0-4caf-a8b1-5c4378c1793f	1554319901773	listener	bird-tail_present	bird-crest_tail_color-orange	bird-crest_tail_color-purple	target	59122	clickedObj	829849918674226561
14	flowers_orange_stems	development	0146-9cbdad4a-90a0-4caf-a8b1-5c4378c1793f	1554319963217	listener	flower-stem_color-orange	flower-petals_color-orange	flower-center_color-orange	target	58361	clickedObj	-1364022557423467705
15	birds_purple_tails	development	0146-9cbdad4a-90a0-4caf-a8b1-5c4378c1793f	1554320047659	listener	bird-crest_tail_color-purple	bird-crest_tail_color-white	bird-tail_present-false	target	81367	clickedObj	6699761719917217539
18	flowers_thorns	development	0146-9cbdad4a-90a0-4caf-a8b1-5c4378c1793f	1554320225926	listener	flower-thorns_present	flower-petals_color-white	flower-petals_color-orange	target	15548	clickedObj	459201937440545629
19	bugs_antennae_or_wings_purple_bodies	development	0146-9cbdad4a-90a0-4caf-a8b1-5c4378c1793f	1554320261093	listener	bug-body_color-purple	bug-bug_wings_color-purple	bug-antennae_present-false	target	32098	clickedObj	-7001383546392898914
20	fish_white_bodies_orange_stripes_or_fangs	development	0146-9cbdad4a-90a0-4caf-a8b1-5c4378c1793f	1554320281553	listener	fish-stripes_color-orange	fish-body_color-white	fish-body_color-orange	target	17393	clickedObj	1874329336971879603
21	birds_orange_crests_or_purple_wings	development	0146-9cbdad4a-90a0-4caf-a8b1-5c4378c1793f	1554320339731	listener	bird-bird_wing_color-purple	bird-tail_present-false	bird-crest_tail_color-orange	target	55111	clickedObj	1182639873127245492
23	trees_purple_trunks_or_white_leaves_orange_berries	development	0146-9cbdad4a-90a0-4caf-a8b1-5c4378c1793f	1554320427737	listener	tree-trunk_color-purple	tree-trunk_color-white	tree-leaves_color-white	target	34581	clickedObj	-3924149440587526428
24	bugs_without_wings	development	0146-9cbdad4a-90a0-4caf-a8b1-5c4378c1793f	1554320570530	listener	bug-wings_present	bug-bug_wings_color-purple	bug-legs_color-white	target	139719	clickedObj	3480023560147104905
25	flowers_thorns_purple_petals_or_orange_stems	development	0146-9cbdad4a-90a0-4caf-a8b1-5c4378c1793f	1554320658888	listener	flower-petals_color-purple	flower-petals_color-purple	flower-center_color-orange	target	85293	clickedObj	-6580206350062351863
27	trees_white_leaves_or_orange_berries	development	0146-9cbdad4a-90a0-4caf-a8b1-5c4378c1793f	1554320785536	listener	tree-leaves_color-white	tree-trunk_color-purple	tree-trunk_color-orange	target	59631	clickedObj	501324490149370873
28	bugs_orange_head	development	0146-9cbdad4a-90a0-4caf-a8b1-5c4378c1793f	1554320828146	listener	bug-head_color-orange	bug-antennae_present-false	bug-bug_wings_color-orange	target	39542	clickedObj	5293288209371402447
30	fish_white_stripes_or_purple_bodies_whiskers	development	0146-9cbdad4a-90a0-4caf-a8b1-5c4378c1793f	1554320890758	listener	fish-body_color-purple	fish-body_color-orange	fish-whiskers_present-false	target	27378	clickedObj	4261794324044836934
31	trees_orange_trunks_berries	development	0146-9cbdad4a-90a0-4caf-a8b1-5c4378c1793f	1554320918078	listener	tree-trunk_color-orange	tree-berries_present-true	tree-trunk_color-orange	target	24251	clickedObj	-2501288656741518514
32	bugs_wings_antennae	development	0146-9cbdad4a-90a0-4caf-a8b1-5c4378c1793f	1554320940807	listener	bug-antennae_present	bug-bug_wings_color-purple	bug-wings_present-true	target	19659	clickedObj	837714503125767012
33	bugs_orange_antennae_or_wings	development	0146-9cbdad4a-90a0-4caf-a8b1-5c4378c1793f	1554320985328	listener	bug-antennae_color-orange	bug-head_color-white	bug-antennae_color-orange	distr2	41453	clickedObj	6954481517761738421
34	flowers_purple_centers_or_orange_stems_with_thorns	development	0146-9cbdad4a-90a0-4caf-a8b1-5c4378c1793f	1554321015729	listener	flower-center_color-purple	flower-center_color-purple	flower-center_color-orange	target	27332	clickedObj	-5709198641650967513
36	birds_purple_wings_white_crests_or_white_tails	development	0146-9cbdad4a-90a0-4caf-a8b1-5c4378c1793f	1554321090652	listener	bird-crest_tail_color-white	bird-crest_tail_color-white	bird-crest_tail_color-purple	target	15290	clickedObj	4249826030134323395
37	bugs_white_heads_or_orange_antennae_purple_legs	development	0146-9cbdad4a-90a0-4caf-a8b1-5c4378c1793f	1554321125463	listener	bug-head_color-white	bug-wings_present-false	bug-antennae_color-orange	target	31744	clickedObj	-3626351780321282966
38	trees_purple_berries	development	0146-9cbdad4a-90a0-4caf-a8b1-5c4378c1793f	1554321143417	listener	tree-berries_color-purple	tree-trunk_color-white	tree-leaves_color-purple	target	14887	clickedObj	-3047272633316478738
39	birds_orange_tails_or_white_wings	development	0146-9cbdad4a-90a0-4caf-a8b1-5c4378c1793f	1554321164839	listener	bird-bird_wing_color-white	bird-tail_present-true	bird-crest_tail_color-white	target	18356	clickedObj	-4016395057790037494
40	bugs_purple_wings_or_white_legs	development	0146-9cbdad4a-90a0-4caf-a8b1-5c4378c1793f	1554321192956	listener	bug-bug_wings_color-purple	bug-antennae_present-false	bug-bug_wings_color-orange	distr2	25045	clickedObj	8391397156787883597
42	fish_orange_bodies_purple_stripes	development	0146-9cbdad4a-90a0-4caf-a8b1-5c4378c1793f	1554321246100	listener	fish-stripes_present	fish-stripes_present-false	fish-stripes_color-purple	target	22882	clickedObj	-7666746262988878047
43	fish_whiskers	development	0146-9cbdad4a-90a0-4caf-a8b1-5c4378c1793f	1554321304012	listener	fish-whiskers_present	fish-body_color-purple	fish-whiskers_present-true	distr1	54844	clickedObj	-1208407237993993528
44	trees_without_leaves	development	0146-9cbdad4a-90a0-4caf-a8b1-5c4378c1793f	1554321317996	listener	tree-leaves_present	tree-leaves_present-true	tree-trunk_color-purple	distr1	10917	clickedObj	-3596375401972951930
0	birds_purple_wings_white_crests_or_white_tails	development	8168-6840254b-4d6c-468d-b005-9d8bb8c3b879	1554324405835	listener	bird-crest_tail_color-white	bird-bird_wing_color-white	bird-bird_wing_color-orange	target	39970	clickedObj	1897085810803424448
1	trees_leaves_berries_or_orange_trunks	development	8168-6840254b-4d6c-468d-b005-9d8bb8c3b879	1554324424244	listener	tree-berries_present	tree-leaves_color-purple	tree-leaves_present-true	target	15345	clickedObj	-5190218303897889715
2	fish_orange_bodies_or_fangs	development	8168-6840254b-4d6c-468d-b005-9d8bb8c3b879	1554324443711	listener	fish-body_color-orange	fish-whiskers_present-true	fish-stripes_present-false	target	16394	clickedObj	-1699804087139203064
3	flowers_orange_stems_or_thorns	development	8168-6840254b-4d6c-468d-b005-9d8bb8c3b879	1554324460682	listener	flower-thorns_present	flower-center_color-purple	flower-center_color-orange	target	13911	clickedObj	-3651889579334733599
4	bugs_without_wings	development	8168-6840254b-4d6c-468d-b005-9d8bb8c3b879	1554324480935	listener	bug-wings_present	bug-bug_wings_color-purple	bug-antennae_color-orange	target	17189	clickedObj	-6060675026631204584
5	bugs_orange_antennae_or_wings	development	8168-6840254b-4d6c-468d-b005-9d8bb8c3b879	1554324501095	listener	bug-antennae_color-orange	bug-legs_color-white	bug-antennae_color-orange	target	17078	clickedObj	-8106079664950501648
6	fish_white_bodies_orange_stripes_or_fangs	development	8168-6840254b-4d6c-468d-b005-9d8bb8c3b879	1554324545647	listener	fish-stripes_color-orange	fish-stripes_present-true	fish-body_color-orange	target	41494	clickedObj	-7297071363227044978
7	bugs_orange_head	development	8168-6840254b-4d6c-468d-b005-9d8bb8c3b879	1554324561452	listener	bug-head_color-orange	bug-wings_present-true	bug-antennae_color-orange	target	12734	clickedObj	5347444398349716238
8	trees_purple_berries_or_white_trunks	development	8168-6840254b-4d6c-468d-b005-9d8bb8c3b879	1554324587660	listener	tree-trunk_color-white	tree-leaves_present-false	tree-berries_color-purple	target	23133	clickedObj	2450805323409640758
9	birds_orange_wings_tails	development	8168-6840254b-4d6c-468d-b005-9d8bb8c3b879	1554324604541	listener	bird-bird_wing_color-orange	bird-crest_present-true	bird-crest_tail_color-orange	target	13820	clickedObj	-3587739092683146972
10	bugs_purple_wings_or_white_legs	development	8168-6840254b-4d6c-468d-b005-9d8bb8c3b879	1554324624594	listener	bug-legs_color-white	bug-wings_present-false	bug-legs_color-purple	target	16992	clickedObj	-3015880123943253251
12	flowers_thorns_purple_petals_or_orange_stems	development	8168-6840254b-4d6c-468d-b005-9d8bb8c3b879	1554324662089	listener	flower-stem_color-orange	flower-stem_color-orange	flower-petals_color-purple	target	17357	clickedObj	-7592919638380316992
13	fish_white_bodies_orange_stripes_or_fangs	development	8168-6840254b-4d6c-468d-b005-9d8bb8c3b879	1554324679121	listener	fish-body_color-white	fish-body_color-purple	fish-stripes_color-white	target	13970	clickedObj	1374651323952209960
14	trees_without_leaves	development	8168-6840254b-4d6c-468d-b005-9d8bb8c3b879	1554324698157	listener	tree-leaves_present	tree-berries_present-false	tree-trunk_color-white	target	15974	clickedObj	7208465637665676979
15	trees_purple_leaves_berries	development	8168-6840254b-4d6c-468d-b005-9d8bb8c3b879	1554324713912	listener	tree-leaves_color-purple	tree-leaves_color-white	tree-trunk_color-purple	target	12693	clickedObj	-3250203762077798463
16	flowers_purple_stems_white_petals_or_orange_centers	development	8168-6840254b-4d6c-468d-b005-9d8bb8c3b879	1554324741713	listener	flower-center_color-orange	flower-petals_color-orange	flower-center_color-orange	target	24741	clickedObj	-6965562652289329063
17	trees_leaves_berries_or_orange_trunks	development	8168-6840254b-4d6c-468d-b005-9d8bb8c3b879	1554324754838	listener	tree-trunk_color-orange	tree-trunk_color-orange	tree-leaves_color-purple	target	10058	clickedObj	-6748937855090041616
18	bugs_purple_wings_or_white_legs	development	8168-6840254b-4d6c-468d-b005-9d8bb8c3b879	1554324773143	listener	bug-bug_wings_color-purple	bug-head_color-orange	bug-antennae_color-orange	target	15244	clickedObj	-6265966616041916868
20	bugs_antennae_or_wings_purple_bodies	development	8168-6840254b-4d6c-468d-b005-9d8bb8c3b879	1554324817935	listener	bug-body_color-purple	bug-antennae_present-false	bug-bug_wings_color-orange	target	19015	clickedObj	6593936026972013885
22	trees_white_leaves_or_orange_berries	development	8168-6840254b-4d6c-468d-b005-9d8bb8c3b879	1554324856531	listener	tree-berries_color-orange	tree-leaves_color-white	tree-berries_color-purple	target	19428	clickedObj	1946695896408239398
23	fish_white_stripes_or_purple_bodies_whiskers	development	8168-6840254b-4d6c-468d-b005-9d8bb8c3b879	1554324880859	listener	fish-body_color-purple	fish-whiskers_present-false	fish-stripes_color-purple	target	21260	clickedObj	7379832141395874186
25	fish_orange_bodies_purple_stripes_or_whiskers	development	8168-6840254b-4d6c-468d-b005-9d8bb8c3b879	1554324946559	listener	fish-stripes_color-purple	fish-fangs_present-false	fish-stripes_color-orange	target	48018	clickedObj	-2903445145910118338
28	flowers_purple_centers_or_orange_stems_with_thorns	development	8168-6840254b-4d6c-468d-b005-9d8bb8c3b879	1554325003665	listener	flower-center_color-purple	flower-stem_color-orange	flower-center_color-white	target	12384	clickedObj	-980085352037959215
29	flowers_orange_petals_purple_centers	development	8168-6840254b-4d6c-468d-b005-9d8bb8c3b879	1554325027393	listener	flower-petals_color-orange	flower-petals_color-white	flower-center_color-purple	target	20639	clickedObj	-3797484696835604919
30	birds_orange_crests_or_purple_wings	development	8168-6840254b-4d6c-468d-b005-9d8bb8c3b879	1554325058891	listener	bird-crest_tail_color-orange	bird-bird_wing_color-orange	bird-crest_tail_color-purple	target	28438	clickedObj	-6765336540070828069
32	flowers_purple_stems_white_petals_or_orange_centers	development	8168-6840254b-4d6c-468d-b005-9d8bb8c3b879	1554325123683	listener	flower-petals_color-white	flower-stem_color-orange	flower-center_color-white	target	41800	clickedObj	8113794081168326668
33	fish_orange_bodies_purple_stripes_or_whiskers	development	8168-6840254b-4d6c-468d-b005-9d8bb8c3b879	1554325141215	listener	fish-stripes_present	fish-stripes_color-orange	fish-fangs_present-true	target	14469	clickedObj	-6314704251039533094
34	fish_white_stripes_whiskers	development	8168-6840254b-4d6c-468d-b005-9d8bb8c3b879	1554325155245	listener	fish-stripes_color-white	fish-stripes_color-white	fish-stripes_present-true	target	10970	clickedObj	-4199184528524186800
35	fish_fangs	development	8168-6840254b-4d6c-468d-b005-9d8bb8c3b879	1554325169508	listener	fish-fangs_present	fish-stripes_color-orange	fish-whiskers_present-false	target	11198	clickedObj	4567947932158209842
36	flowers_purple_stems_thorns	development	8168-6840254b-4d6c-468d-b005-9d8bb8c3b879	1554325189671	listener	flower-stem_color-purple	flower-petals_color-purple	flower-petals_color-white	target	17101	clickedObj	9088977735445144129
37	birds_purple_wings_crests	development	8168-6840254b-4d6c-468d-b005-9d8bb8c3b879	1554325200858	listener	bird-crest_present	bird-tail_present-true	bird-crest_tail_color-purple	target	8123	clickedObj	-4816861885369568093
38	bugs_purple_legs_white_heads_or_orange_wings	development	8168-6840254b-4d6c-468d-b005-9d8bb8c3b879	1554325218920	listener	bug-bug_wings_color-orange	bug-antennae_color-orange	bug-wings_present-false	target	14989	clickedObj	-868196026476054822
39	bugs_white_heads_or_orange_antennae_purple_legs	development	8168-6840254b-4d6c-468d-b005-9d8bb8c3b879	1554325241410	listener	bug-legs_color-purple	bug-legs_color-white	bug-head_color-orange	target	19430	clickedObj	2373203437075314494
41	birds_purple_tails	development	8168-6840254b-4d6c-468d-b005-9d8bb8c3b879	1554325269618	listener	bird-crest_tail_color-purple	bird-bird_wing_color-purple	bird-bird_wing_color-white	target	8127	clickedObj	4502770347205277711
43	birds_orange_tails_or_white_wings_orange_crests	development	8168-6840254b-4d6c-468d-b005-9d8bb8c3b879	1554325302365	listener	bird-bird_wing_color-white	bird-crest_tail_color-white	bird-crest_tail_color-purple	target	15674	clickedObj	-1280276388239961114
44	bugs_wings_antennae	development	8168-6840254b-4d6c-468d-b005-9d8bb8c3b879	1554325317839	listener	bug-antennae_present	bug-bug_wings_color-orange	bug-antennae_present-true	target	12411	clickedObj	-3361973876758061161
1	flowers_purple_stems_white_petals_or_orange_centers	development	9441-22ec8fcb-916d-4bd9-bfe3-a078b5a39abe	1554306762991	listener	flower-center_color-orange	flower-petals_color-orange	flower-stem_color-purple	target	34374	clickedObj	7323673722472268376
2	fish_fangs	development	9441-22ec8fcb-916d-4bd9-bfe3-a078b5a39abe	1554306801943	listener	fish-fangs_present	fish-fangs_present-false	fish-body_color-white	target	35717	clickedObj	8503406680973884560
3	trees_leaves_berries_or_orange_trunks	development	9441-22ec8fcb-916d-4bd9-bfe3-a078b5a39abe	1554306828342	listener	tree-trunk_color-orange	tree-berries_color-purple	tree-leaves_color-purple	target	23059	clickedObj	9076226220260854252
4	fish_orange_bodies_or_fangs	development	9441-22ec8fcb-916d-4bd9-bfe3-a078b5a39abe	1554306870085	listener	fish-body_color-orange	fish-stripes_color-white	fish-fangs_present-true	target	38515	clickedObj	282570681084748236
5	fish_white_stripes_whiskers	development	9441-22ec8fcb-916d-4bd9-bfe3-a078b5a39abe	1554306901909	listener	fish-stripes_present	fish-stripes_color-white	fish-stripes_color-orange	target	28548	clickedObj	3339062410513902740
7	trees_white_leaves_or_orange_berries	development	9441-22ec8fcb-916d-4bd9-bfe3-a078b5a39abe	1554306966733	listener	tree-leaves_color-white	tree-berries_present-false	tree-leaves_color-white	target	30447	clickedObj	597945181628809114
10	bugs_antennae_or_wings_purple_bodies	development	9441-22ec8fcb-916d-4bd9-bfe3-a078b5a39abe	1554307059895	listener	bug-body_color-purple	bug-bug_wings_color-purple	bug-antennae_color-orange	target	24500	clickedObj	-3186871295907886031
11	birds_orange_tails_or_white_wings	development	9441-22ec8fcb-916d-4bd9-bfe3-a078b5a39abe	1554307107679	listener	bird-bird_wing_color-white	bird-bird_wing_color-orange	bird-crest_tail_color-white	target	44544	clickedObj	-6550663988840689653
13	trees_purple_berries_or_white_trunks	development	9441-22ec8fcb-916d-4bd9-bfe3-a078b5a39abe	1554307168728	listener	tree-trunk_color-white	tree-leaves_color-purple	tree-berries_present-false	target	18552	clickedObj	-8506243822047588852
16	fish_white_stripes_whiskers	development	9441-22ec8fcb-916d-4bd9-bfe3-a078b5a39abe	1554307274782	listener	fish-stripes_color-white	fish-stripes_present-true	fish-stripes_color-white	target	27384	clickedObj	-1460053116606014193
17	trees_white_leaves_or_orange_berries	development	9441-22ec8fcb-916d-4bd9-bfe3-a078b5a39abe	1554307301203	listener	tree-berries_color-orange	tree-trunk_color-purple	tree-trunk_color-white	target	23194	clickedObj	-1001735506005105933
18	bugs_white_heads_or_orange_antennae_purple_legs	development	9441-22ec8fcb-916d-4bd9-bfe3-a078b5a39abe	1554307331921	listener	bug-legs_color-purple	bug-head_color-white	bug-legs_color-white	target	27496	clickedObj	-7226535023870210511
20	flowers_orange_petals_purple_centers	development	9441-22ec8fcb-916d-4bd9-bfe3-a078b5a39abe	1554307385376	listener	flower-petals_color-orange	flower-center_color-orange	flower-stem_color-orange	target	24459	clickedObj	-904544651649089851
21	trees_leaves_berries_or_orange_trunks	development	9441-22ec8fcb-916d-4bd9-bfe3-a078b5a39abe	1554307405915	listener	tree-berries_present	tree-leaves_present-false	tree-leaves_color-white	target	17318	clickedObj	-4905355172112309932
22	flowers_purple_stems_white_petals_or_orange_centers	development	9441-22ec8fcb-916d-4bd9-bfe3-a078b5a39abe	1554307431368	listener	flower-petals_color-white	flower-center_color-purple	flower-petals_color-white	target	22118	clickedObj	-3022689761031169096
23	bugs_purple_legs_white_heads_or_orange_wings	development	9441-22ec8fcb-916d-4bd9-bfe3-a078b5a39abe	1554307470066	listener	bug-bug_wings_color-orange	bug-legs_color-purple	bug-body_color-purple	target	35474	clickedObj	4941726958662723251
24	flowers_purple_stems_or_thorns_white_centers	development	9441-22ec8fcb-916d-4bd9-bfe3-a078b5a39abe	1554307500089	listener	flower-center_color-white	flower-petals_color-orange	flower-center_color-purple	target	26796	clickedObj	-514399610029490922
25	fish_whiskers	development	9441-22ec8fcb-916d-4bd9-bfe3-a078b5a39abe	1554307534390	listener	fish-whiskers_present	fish-whiskers_present-false	fish-stripes_color-white	target	31077	clickedObj	-6383589367749067311
26	birds_orange_crests_or_purple_wings	development	9441-22ec8fcb-916d-4bd9-bfe3-a078b5a39abe	1554307558346	listener	bird-bird_wing_color-purple	bird-crest_tail_color-white	bird-tail_present-true	target	20736	clickedObj	-8443357761813233867
28	birds_tails	development	9441-22ec8fcb-916d-4bd9-bfe3-a078b5a39abe	1554307616133	listener	bird-tail_present	bird-crest_tail_color-purple	bird-crest_tail_color-orange	target	24001	clickedObj	-689871239241657677
29	fish_orange_bodies_purple_stripes_or_whiskers	development	9441-22ec8fcb-916d-4bd9-bfe3-a078b5a39abe	1554307640186	listener	fish-stripes_color-purple	fish-stripes_color-white	fish-body_color-orange	target	20612	clickedObj	-7290937363698249104
31	trees_purple_leaves_berries	development	9441-22ec8fcb-916d-4bd9-bfe3-a078b5a39abe	1554307682550	listener	tree-leaves_color-purple	tree-berries_present-true	tree-berries_color-purple	target	17062	clickedObj	-511758003257797353
32	flowers_orange_stems_or_thorns	development	9441-22ec8fcb-916d-4bd9-bfe3-a078b5a39abe	1554307712597	listener	flower-stem_color-orange	flower-stem_color-orange	flower-center_color-purple	target	26822	clickedObj	5644277459147808294
33	bugs_wings_antennae	development	9441-22ec8fcb-916d-4bd9-bfe3-a078b5a39abe	1554307737621	listener	bug-antennae_present	bug-antennae_present-false	bug-head_color-white	target	21803	clickedObj	5729165239215814167
36	bugs_purple_wings_or_white_legs	development	9441-22ec8fcb-916d-4bd9-bfe3-a078b5a39abe	1554307805418	listener	bug-bug_wings_color-purple	bug-head_color-orange	bug-body_color-purple	target	25649	clickedObj	-7479146053051542501
37	bugs_orange_antennae_or_wings	development	9441-22ec8fcb-916d-4bd9-bfe3-a078b5a39abe	1554307846611	listener	bug-antennae_color-orange	bug-antennae_present-true	bug-head_color-orange	target	37957	clickedObj	-7780865098769870314
38	bugs_orange_head	development	9441-22ec8fcb-916d-4bd9-bfe3-a078b5a39abe	1554307871338	listener	bug-head_color-orange	bug-body_color-purple	bug-antennae_present-true	target	21507	clickedObj	1937473985516942774
39	fish_white_bodies_orange_stripes_or_fangs	development	9441-22ec8fcb-916d-4bd9-bfe3-a078b5a39abe	1554307895245	listener	fish-stripes_color-orange	fish-body_color-orange	fish-stripes_color-purple	target	20687	clickedObj	1060286531300859941
40	flowers_purple_centers_or_orange_stems_with_thorns	development	9441-22ec8fcb-916d-4bd9-bfe3-a078b5a39abe	1554307916439	listener	flower-center_color-purple	flower-center_color-orange	flower-stem_color-purple	target	17966	clickedObj	1708555238601098282
41	trees_orange_berries_purple_trunks_or_white_leaves	development	9441-22ec8fcb-916d-4bd9-bfe3-a078b5a39abe	1554307931058	listener	tree-trunk_color-purple	tree-leaves_color-white	tree-berries_color-purple	target	11346	clickedObj	-6374478533289795523
42	flowers_orange_stems_or_thorns	development	9441-22ec8fcb-916d-4bd9-bfe3-a078b5a39abe	1554307960557	listener	flower-thorns_present	flower-thorns_present-false	flower-stem_color-orange	target	26275	clickedObj	-1225433602817591777
43	fish_white_bodies_orange_stripes_or_fangs	development	9441-22ec8fcb-916d-4bd9-bfe3-a078b5a39abe	1554307976893	listener	fish-body_color-white	fish-body_color-orange	fish-stripes_color-white	target	13117	clickedObj	-5952603109184915002
44	bugs_without_wings	development	9441-22ec8fcb-916d-4bd9-bfe3-a078b5a39abe	1554308004228	listener	bug-wings_present	bug-legs_color-white	bug-wings_present-true	target	24116	clickedObj	5714844267908615452
